Legacy Entity ID,Canonical Entity ID,Disposition,Entity Name,Raw Entity Type,Normalized Entity Type,City / Area Raw,Parent Organization Raw,Primary URL,Discovered From Source ID,Partner Potential,Research Status,Migration Notes
ENT-0001,ENT-0001,canonical,Hesperia Recreation and Park District,Public agency,other,Hesperia,—,https://www.hesperiaparks.com/,SRC-0002,Very High,Verified,
ENT-0002,ENT-0002,canonical,Hesperia Lake Park,Venue / park,venue,Hesperia,Hesperia Recreation and Park District,https://www.hesperiaparks.com/,SRC-0002,High,Verified,
ENT-0003,ENT-0003,canonical,Percy Bakker Community Center,Community center,venue,Hesperia,Hesperia Recreation and Park District,https://www.hesperiaparks.com/,SRC-0002,High,Verified,
ENT-0004,ENT-0004,canonical,Lime Street Park and Community Center,Community center,venue,Hesperia,Hesperia Recreation and Park District,https://www.hesperiaparks.com/,SRC-0002,High,Verified,
ENT-0005,ENT-0005,canonical,Mojave Narrows Regional Park,Venue / park,venue,Victorville,San Bernardino County Regional Parks,https://parks.sbcounty.gov/,SRC-0008,Very High,Verified,
ENT-0006,ENT-0006,canonical,Victor Valley Museum,Museum / venue,venue,Apple Valley,San Bernardino County Museum,https://museum.sbcounty.gov/victor-valley-museum/,SRC-0009,Very High,Verified,
ENT-0007,ENT-0007,canonical,Newton T. Bass Apple Valley Branch Library,Library / venue,venue,Apple Valley,San Bernardino County Library,https://library.sbcounty.gov/venue/apple-valley-newton-t-bass-branch-library/,SRC-0010,High,Verified,
ENT-0008,ENT-0008,canonical,Hesperia Branch Library,Library / venue,venue,Hesperia,San Bernardino County Library,https://library.sbcounty.gov/venue/hesperia-branch-library/,SRC-0010,High,Verified,
ENT-0009,ENT-0009,canonical,Adelanto Branch Library,Library / venue,venue,Adelanto,San Bernardino County Library,https://library.sbcounty.gov/adelanto-branch-programs-2/,SRC-0010,High,Verified,
ENT-0010,ENT-0010,canonical,Victorville City Library,Library / venue,venue,Victorville,City of Victorville,https://www.victorvilleca.gov/Government/City-Departments/Library/Library-Programming,SRC-0014,Very High,Verified,
ENT-0011,ENT-0011,canonical,Greater High Desert Chamber of Commerce,Business organization,organization,Victor Valley / High Desert,—,https://www.ghdcc.com/,SRC-0017,Very High,Verified,
ENT-0012,ENT-0012,canonical,Victor Valley College,College / venue network,venue,Victorville,—,https://www.vvc.edu/,SRC-0019,Very High,Verified,
ENT-0013,ENT-0013,canonical,SALVA,Community organization,organization,High Desert,—,,SRC-0002,High,Queued,
ENT-0014,ENT-0014,canonical,Adelanto Plaza & Event Center,Major event venue,venue,Adelanto,—,https://www.adelantoplaza.com/,SRC-0020,Very High,Verified,
ENT-0015,ENT-0015,canonical,Victor Valley Community Concert Association,Performing arts presenter,other,Victorville,—,https://vvcca.org/,SRC-0021,Very High,Verified,
ENT-0016,ENT-0016,canonical,Victor Valley College Performing Arts Center,Performing arts venue,venue,Victorville,Victor Valley College,https://www.vvc.edu/performing-arts-center,SRC-0023,Very High,Verified,
ENT-0017,ENT-0017,canonical,Hilltop Tavern & Inn,Live entertainment venue,venue,Apple Valley,—,https://hilltoptavernandinn.com/,SRC-0024,Very High,Verified,
ENT-0018,ENT-0018,canonical,Cross Eyed Cow Pizza,Restaurant / live music venue,venue,Oro Grande,—,https://crosseyedcowpizza.com/events,SRC-0025,High,Verified,
ENT-0019,ENT-0019,canonical,Town's End Bar and Grill,Restaurant / live music venue,venue,Apple Valley,—,https://townsendbarandgrill.com/,SRC-0026,High,Verified,
ENT-0020,ENT-0020,canonical,Village Grind & Wine Cellar,Restaurant / live music venue,venue,Wrightwood,—,https://www.wrightwoodrestaurant.com/,SRC-0027,Very High,Verified,
ENT-0021,ENT-0021,canonical,Groove Hunters,Performer / discovery source,other,High Desert / regional,—,https://www.groovehunters.com/,SRC-0028,High,Verified,
ENT-0022,ENT-0022,canonical,Hesperia Leisure League,Community/social venue,venue,Hesperia,—,https://www.blpublishing.net/hesperialeisureleague,SRC-0029,High,Verified,
ENT-0023,ENT-0023,canonical,High Desert Astronomical Society,Community science organization,organization,Apple Valley / High Desert,—,https://nightsky.jpl.nasa.gov/clubs/hidas/home/,SRC-0030,Very High,Verified,
ENT-0024,ENT-0024,canonical,Luz Observatory,Science / event venue,venue,Apple Valley,High Desert Astronomical Society,https://nightsky.jpl.nasa.gov/clubs/hidas/home/,SRC-0030,High,Verified,
ENT-0025,ENT-0025,canonical,Rusty Bull,Restaurant / event venue,venue,Apple Valley,—,,SRC-0028,High,Needs Research,
ENT-0026,ENT-0026,canonical,Cafe 247,Restaurant / live music venue,venue,Lucerne Valley,—,,SRC-0028,High,Needs Research,
ENT-0027,ENT-0027,canonical,Silver Lakes Restaurant,Restaurant / live music venue,venue,Helendale,—,,SRC-0028,High,Needs Research,
ENT-0028,ENT-0028,canonical,The Vault Martini Bar & Grill,Bar / comedy venue,venue,Redlands (outside target region),—,,SRC-0032,High,Out of Region,
ENT-0029,ENT-0029,canonical,Loud Burger,Restaurant / event venue,venue,Grand Terrace (outside target region),—,,SRC-0032,High,Out of Region,
ENT-0031,ENT-0031,canonical,"Linebreakers | Games, Cards, Comics",Game/comic store / event venue,venue,Riverside (outside target region),—,https://www.comicbooksurplus.com/,SRC-0033,Very High,Out of Region,
ENT-0032,ENT-0032,canonical,Baseball & Games,Game/card store,other,Hesperia,—,,SRC-0035,Very High,Verified,
ENT-0033,ENT-0033,canonical,Sevens Goods and The Paladin's Rest,Game/card store / event venue,venue,Hesperia,—,https://paladinsrest.com/,SRC-0036,Very High,Verified,
ENT-0034,ENT-0034,canonical,Comic Cult HD,Comic/game store,other,Hesperia,—,https://www.comiccult.com/,SRC-0038,High,Verified,
ENT-0035,ENT-0035,canonical,The Hot Spot Studios — High Desert,Creative studio / event venue,venue,Victorville,The Hot Spot Studios,https://www.thehotspotstudios.com/high-desert-victorville-ca/,SRC-0039,High,Verified,
ENT-0036,ENT-0036,canonical,Green Tree Golf Club,Golf / tournament venue,venue,Victorville,—,https://victorvillegolf.com/,SRC-0040,High,Verified,
ENT-0037,ENT-0037,canonical,Apple Valley Gun Club,Sports club / event venue,venue,Victorville / Apple Valley area,—,https://applevalleygunclub.com/,SRC-0041,High,Verified,
ENT-0038,ENT-0038,canonical,Hesperia Community Church,Church / community organization,church,Hesperia,—,https://hesperiacommunitychurch.org/,SRC-0042,High,Verified,
ENT-0039,ENT-0039,canonical,Calvary Chapel Apple Valley,Church / community organization,church,Apple Valley,—,https://calvaryav.org/,SRC-0043,High,Verified,
ENT-0040,ENT-0040,canonical,Saint Mary Coptic Orthodox Church,Church / cultural organization,church,Victorville,—,https://www.stmarychurchvv.com/,SRC-0044,High,Verified,
ENT-0041,ENT-0041,canonical,Armenian Apostolic Church of High Desert,Church / cultural organization,church,Hesperia,—,https://aachd.com/,SRC-0045,Very High,Verified,
ENT-0042,ENT-0042,canonical,High Desert Church,Multi-campus church / community organization,church,Victor Valley / Phelan,—,https://www.highdesertchurch.com/,SRC-0046,Very High,Verified,
ENT-0043,ENT-0043,canonical,Apple Valley Church of the Nazarene,Church / community organization,church,Apple Valley,—,https://avnaz.org/,SRC-0047,High,Verified,
ENT-0044,ENT-0044,canonical,Off the Grid Brewing Company,Brewery / gathering venue,venue,Apple Valley,—,,,High,Needs Research,
ENT-0045,ENT-0045,canonical,Victor Bowl,Bowling / recreation venue,venue,Victorville,—,https://victorbowl.com/,SRC-0048,High,Verified,
ENT-0046,ENT-0046,canonical,Mojave River Valley Horsemen's Association,Equestrian organization / event producer,organization,Apple Valley,—,https://mrvha.com/,SRC-0049,Very High,Verified,
ENT-0047,ENT-0047,canonical,HD BMX,BMX club / event producer,organization,Hesperia,—,https://www.usabmx.com/tracks/ca-hd-bmx/contact,SRC-0050,Very High,Verified,
ENT-0048,ENT-0048,canonical,Live Oak Park BMX Track,Sports venue,venue,Hesperia,Hesperia Recreation and Park District,https://www.hesperiaparks.com/parks-facilities/live-oak-park/,SRC-0050,High,Verified,
ENT-0049,ENT-0049,canonical,Victor Valley Christian Church,Church / community organization,church,Hesperia,—,https://vvcc.com/,SRC-0052,High,Verified,
ENT-0050,ENT-0050,canonical,Praise Chapel Apple Valley,Church / community organization,church,Apple Valley / High Desert,—,https://praisechapelapplevalley.com/,SRC-0053,High,Verified,
ENT-0051,ENT-0051,canonical,Thunderbird Square Dance Club,Dance/social club,organization,Apple Valley,—,https://www.thunderbirdsquaredanceclub.com/,SRC-0054,High,Verified,
ENT-0052,ENT-0052,canonical,James A. Woody Community Center,Community center / venue,venue,Apple Valley,Town of Apple Valley,https://applevalley.org/,SRC-0054,Very High,Verified,
ENT-0053,ENT-0053,canonical,First Assembly of God / Feed My Sheep,Church / community service organization,church,Hesperia / Victorville,—,,SRC-0055,High,Needs Research,
ENT-0054,ENT-0054,canonical,Redeemer Church,Church / community service organization,church,Apple Valley,—,https://www.redeemerhd.com/,SRC-0055,High,Needs Research,
ENT-0055,ENT-0055,canonical,The Lord's Table,Community service organization,organization,Victorville,—,,SRC-0055,High,Needs Research,
ENT-0056,ENT-0056,canonical,Greater Impact Christian Church,Church / community service organization,church,Victorville,—,,SRC-0055,High,Needs Research,
ENT-0057,ENT-0057,canonical,Burning Bush Baptist Church,Church / community service organization,church,Victorville,—,,SRC-0055,High,Needs Research,
ENT-0058,ENT-0058,canonical,Hesperia Heat AYSO Region 878,Youth soccer organization,organization,Hesperia / Oak Hills,AYSO,https://www.hesperiaayso.org/,SRC-0058,Very High,Verified,
ENT-0059,ENT-0059,canonical,Hesperia Trojans Youth Football & Cheer,Youth sports organization,organization,Hesperia / Oak Hills,SoCal Jr. All American Football & Cheer,https://www.hesperiatrojans.com/,SRC-0059,Very High,Verified,
ENT-0060,ENT-0060,canonical,AYSO Region 665,Youth soccer organization,organization,Victor Valley,AYSO,https://www.ayso665.org/,SRC-0060,High,Verified,
ENT-0061,ENT-0061,canonical,The Singh Center for the Arts,Arts / civic venue,venue,Apple Valley,Town of Apple Valley,https://applevalley.org/parks-and-recreation/facility-rentals/the-singh-center-facility-rental/,SRC-0062,Very High,Verified,
ENT-0062,ENT-0062,canonical,Apple Valley Conference Center,Conference / civic venue,venue,Apple Valley,Town of Apple Valley,https://applevalley.org/parks-and-recreation/facility-rentals/apple-valley-conferene-center-facility-rental/,SRC-0063,Very High,Verified,
ENT-0063,ENT-0063,canonical,Town Hall Recreation Center,Community/recreation venue,venue,Apple Valley,Town of Apple Valley,https://applevalley.org/parks-and-recreation/facility-rentals/town-hall-recreation-center-facility-rental/,SRC-0064,High,Verified,
ENT-0064,ENT-0064,canonical,High Desert Second Chance,Nonprofit / event producer / service venue,venue,Hesperia,—,https://dph.sbcounty.gov/community-resources/,SRC-0065,Very High,Verified,
ENT-0065,ENT-0065,canonical,Victor Valley Rescue Mission,Nonprofit / community service producer,organization,Victorville,Rescue Mission Alliance,https://valleyfoodbank.org/direct-assistance/,SRC-0066,Very High,Verified,
ENT-0066,ENT-0062,merge_alias,Apple Valley Conference Center,Civic venue,venue,Apple Valley,Town of Apple Valley,https://applevalley.org/parks-and-recreation/facility-rentals/apple-valley-conferene-center-facility-rental/,SRC-0063,Very High,Duplicate/Merge,Merge into ENT-0062; retain legacy ID as alias/redirect
ENT-0067,ENT-0067,canonical,New Life Chapel,Church / community organization,church,Hesperia,—,https://www.newlifechapel.com/,SRC-0068,Very High,Verified,
ENT-0068,ENT-0068,canonical,Spirit Filled Family Church — Hesperia Campus,Church / community organization,church,Hesperia,Spirit Filled Family Church International,https://hesperia.spiritfilledfamily.church/,SRC-0069,Very High,Verified,
ENT-0069,ENT-0069,canonical,Holy Family Catholic Church,Church / community organization,church,Hesperia,Diocese of San Bernardino,https://www.holyfamilyhd.org/,SRC-0070,High,Verified,
ENT-0070,ENT-0070,canonical,The Village in Apple Valley PBID,Business district / community event producer,organization,Apple Valley,—,https://avvillage.org/,SRC-0071,Very High,Verified,
ENT-0071,ENT-0071,canonical,Hook Park,Sports / community park venue,venue,Victorville,City of Victorville,https://www.ayso665.org/Default.aspx?tabid=853421,SRC-0075,High,Verified,
ENT-0072,ENT-0072,canonical,Sunset Ridge Park,Sports / community park venue,venue,Victorville,City of Victorville,https://www.ayso665.org/Default.aspx?tabid=853398,SRC-0075,High,Verified,
ENT-0073,ENT-0073,canonical,San Bernardino County Workforce Development Board,Government / workforce event producer,government_body,High Desert / county,San Bernardino County,https://workforce.sbcounty.gov/,SRC-0073,Very High,Verified,
ENT-0074,ENT-0074,canonical,San Bernardino County Public Defender,Government / community resource producer,government_body,San Bernardino County / High Desert,San Bernardino County,https://pd.sbcounty.gov/,SRC-0074,High,Verified,
ENT-0075,ENT-0075,canonical,Victor Valley Community Services Council,Senior/community services organization,organization,Victorville / Hesperia,—,https://www.vvcsc.com/,SRC-0076,Very High,Verified,
ENT-0076,ENT-0076,canonical,Hesperia Community Farmers Market,Farmers market / recurring event,other,Hesperia,—,https://awm.sbcounty.gov/certified-farmers-markets-locations/,SRC-0077,Very High,Verified,
ENT-0077,ENT-0077,canonical,High Desert Farmers Market,Farmers market / recurring event,other,Victorville,—,https://awm.sbcounty.gov/certified-farmers-markets-locations/,SRC-0077,Very High,Verified,
ENT-0078,ENT-0078,canonical,Phelan Certified Farmers Market,Farmers market / recurring event,other,Phelan,—,https://awm.sbcounty.gov/certified-farmers-markets-locations/,SRC-0077,High,Verified,
ENT-0079,ENT-0079,canonical,Victor Valley Museum Farmers Market,Farmers market / recurring event,other,Apple Valley,California Farmers Market Collective,https://cafarmersmarketcollective.com/markets/,SRC-0078,Very High,Verified,
ENT-0080,ENT-0080,canonical,Our-HD,Local media / community calendar,other,High Desert,—,https://our-hd.com/,SRC-0079,Very High,Verified,
ENT-0081,ENT-0081,canonical,The Mall of Victor Valley,Shopping center / event venue,venue,Victorville,—,https://www.themallofvictorvalley.com/,SRC-0080,High,Verified,
ENT-0082,ENT-0082,canonical,High Desert Marines,Veterans/service organization,organization,Victor Valley,—,https://www.highdesertmarines.com/,SRC-0081,Very High,Verified,
ENT-0083,ENT-0083,canonical,Today's Woman Foundation,Nonprofit / event producer,organization,Victorville / High Desert,—,https://todayswomanfoundation.org/,SRC-0082,Very High,Verified,
ENT-0084,ENT-0084,canonical,Poised-N-Polished,Nonprofit / event producer,organization,Victorville / High Desert,—,https://poisednpolishedcorp.org/,SRC-0083,High,Verified,
ENT-0085,ENT-0085,canonical,Triumph Foundation,Adaptive recreation nonprofit,organization,Southern California / local partner events,—,https://triumph-foundation.org/,SRC-0084,High,Verified,
ENT-0086,ENT-0086,canonical,Dance Dynamics Studios,Dance / performing arts school,school,Hesperia,—,https://dancedynamicsstudios.com/,SRC-0085,High,Verified,
ENT-0087,ENT-0087,canonical,The Dance Scene,Dance / performing arts school,school,Victorville,—,https://www.thedancescene.com/,SRC-0086,High,Verified,
ENT-0088,ENT-0088,canonical,Victorville Senior Citizens Club,Senior/community organization & venue,venue,Victorville,—,https://www.victorvilleseniorcitizensclub.com/,SRC-0087,Very High,Verified,
ENT-0089,ENT-0089,canonical,Apple Valley Senior Citizens Club,Senior/community organization & venue,venue,Apple Valley,—,https://www.avseniorclub.com/,SRC-0088,Very High,Verified,
ENT-0090,ENT-0090,canonical,Solstice Senior Living at Apple Valley,Senior-living community / activity producer,other,Apple Valley,—,https://solsticeseniorlivingapplevalley.com/,SRC-0089,High,Verified,
ENT-0091,ENT-0091,canonical,Hesperia Music Academy,Music school / performance producer,school,Hesperia,—,https://hesperiamusicacademy.com/,SRC-0090,Very High,Verified,
ENT-0092,ENT-0092,canonical,High Desert Hispanic Chamber of Commerce,Business association / event producer,organization,High Desert,—,https://hdhcc.org/,SRC-0091,Very High,Verified,
ENT-0093,ENT-0093,canonical,FORGE Foundation,Nonprofit / event producer,organization,Victorville,—,https://forgevv.org/,SRC-0092,Very High,Verified,
ENT-0094,ENT-0094,canonical,Off The Grid Brewery,Brewery / event venue,venue,Apple Valley,—,https://otgbrew.com/,SRC-0093,Very High,Verified,
ENT-0095,ENT-0095,canonical,Better Days,Lounge / live entertainment venue,venue,Apple Valley,—,https://betterdayshd.com/,SRC-0094,Very High,Verified,
ENT-0096,ENT-0096,canonical,HEIR Cafe & Events,Cafe / community event venue,venue,Victorville,—,https://heir7.com/,SRC-0095,Very High,Verified,
ENT-0097,ENT-0097,canonical,3rd Strike Beer Co.,Brewery / event venue,venue,Hesperia,—,https://www.3rdstrikebeer.com/,SRC-0096,Very High,Verified,
ENT-0098,ENT-0098,canonical,VFW Post 2924 Joshua Palms,Veterans organization / social venue,venue,Hesperia,VFW,,SRC-0097,Very High,Verified,
ENT-0099,ENT-0099,canonical,Charleys Cheesesteak and Wings — Hesperia,Restaurant / car-meet venue,venue,Hesperia,—,,SRC-0098,High,Verified,
ENT-0100,ENT-0100,canonical,LifeStream Blood Bank,Healthcare nonprofit / event producer,organization,Southern California / High Desert,—,https://www.lstream.org/,SRC-0099,Very High,Verified,
ENT-0101,ENT-0101,canonical,DAV Chapter 92 — Bill Kinnard,Veterans organization / event producer,organization,Victorville,Disabled American Veterans,https://dav92.org/,SRC-0101,Very High,Verified,
ENT-0102,ENT-0102,canonical,High Desert Vet Center,Veterans service center / group venue,venue,Victorville,U.S. Department of Veterans Affairs,https://www.va.gov/high-desert-vet-center/,SRC-0102,Very High,Verified,
ENT-0103,ENT-0103,canonical,Providence St. Mary Senior Select,Senior health/community program,other,Apple Valley,Providence St. Mary Medical Center,https://www.providence.org/locations/socal/st-mary-medical-center/senior-services,SRC-0104,Very High,Verified,
ENT-0104,ENT-0104,canonical,Rhea Lana's of The High Desert,Family/consignment event producer,other,High Desert,Rhea Lana's,https://highdesert.rhealana.com/,SRC-0105,Very High,Verified,
ENT-0105,ENT-0105,canonical,Gladiator Challenge,Combat-sports promoter,promoter,Victorville / Adelanto,—,https://gladiatorchallenge.com/,SRC-0106,Very High,Verified,
ENT-0106,ENT-0106,canonical,High Desert Home Shows,Expo promoter,promoter,Victorville,—,https://highdeserthomeshows.com/,SRC-0107,Very High,Verified,
ENT-0107,ENT-0107,canonical,Crown City Cat Club,Animal/hobby event producer,other,Regional / Victorville shows,Cat Fanciers' Association,,SRC-0108,High,Verified,
ENT-0108,ENT-0108,canonical,Bingo Loco,Touring entertainment producer,other,Touring / Victorville dates,—,https://us.bingoloco.com/,SRC-0109,High,Verified,
ENT-0109,ENT-0109,canonical,Joshua Inn,Bar / live music / event venue,venue,Hesperia,—,https://joshuainnbar.com/,SRC-0110,High,Verified,
ENT-0110,ENT-0110,canonical,Ricky's Bar,Nightclub / entertainment venue,venue,Victorville,—,,SRC-0111,High,Verified,
ENT-0111,ENT-0111,canonical,Frogee's Cocktail Lounge,Bar / live entertainment venue,venue,Apple Valley,—,,,High,Needs Research,
ENT-0112,ENT-0112,canonical,18 Taps Tavern,Bar / live entertainment venue,venue,Apple Valley,—,,,High,Needs Research,
ENT-0113,ENT-0113,canonical,Buckeye Jack's Saloon & Dance Hall,Bar / live music / dance venue,venue,Apple Valley,—,,,High,Needs Research,
ENT-0114,ENT-0114,canonical,Gators Sports Bar & Grill — Apple Valley,Sports bar / nightlife venue,venue,Apple Valley,—,,,High,Needs Research,
ENT-0115,ENT-0115,canonical,Gators Sports Bar & Grill — Hesperia,Sports bar / nightlife venue,venue,Hesperia,—,,,High,Needs Research,
ENT-0116,ENT-0116,canonical,Rustic Tavern,Bar / live entertainment venue,venue,Victorville,—,,,High,Needs Research,
ENT-0117,ENT-0117,canonical,Lucky's Tavern,Bar / nightlife venue,venue,Hesperia,—,,,High,Needs Research,
ENT-0118,ENT-0118,canonical,EZ Pickens,Bar / nightlife venue,venue,Hesperia,—,,,High,Needs Research,
ENT-0119,ENT-0119,canonical,Wheel2Wheel Raceway,Motorsports venue / event producer,venue,Victorville,—,https://wheel2wheelraceway.com/,SRC-0112,Very High,Verified,
ENT-0120,ENT-0120,canonical,SoCal Mower Racing,Motorsports club / event producer,organization,Southern California / Victorville appearances,—,https://www.socalmowerracing.net/,SRC-0113,High,Verified,
ENT-0121,ENT-0121,canonical,Fuentez Entertainment LLC,Concert / jaripeo promoter,promoter,Victorville / regional,—,https://ticketon.com/en/promoters/5c2b2bdd01c5405d9bdab9a5a87a0769,SRC-0114,Very High,Verified,
ENT-0122,ENT-0122,canonical,Little Mania Wrestling,Touring entertainment promoter,promoter,Touring / Victorville dates,—,https://www.littlemaniawrestling.com/,SRC-0115,High,Verified,
ENT-0123,ENT-0127,merge_alias,El Dorado Broadcasters,Media / event promoter,promoter,Victorville / High Desert,—,,SRC-0118,High,Duplicate/Merge,Merge into ENT-0127; retain legacy ID as alias/redirect
ENT-0124,ENT-0124,canonical,Desert Valley Hospital / Desert Valley Medical Group,Health system / event producer,other,Victorville,—,,SRC-0119,Very High,Verified,
ENT-0125,ENT-0125,canonical,San Bernardino County Fair & Event Center,Major event venue / producer,venue,Victorville,28th District Agricultural Association,https://www.sbcfair.com/,SRC-0120,Very High,Verified,
ENT-0126,ENT-0126,canonical,Hesperia Wranglers,Equestrian club / event producer,organization,Hesperia / Victorville,—,https://hesperiawranglers.org/,SRC-0121,Very High,Verified,
ENT-0127,ENT-0127,canonical,El Dorado Broadcasters,Media / community event producer,other,Victorville / High Desert,—,https://www.edbroadcasters.com/,SRC-0122,Very High,Verified,
ENT-0128,ENT-0128,canonical,Kiwanis Club of Victorville,Service club / event producer,organization,Victorville,Kiwanis International,https://www.kiwanisofvictorville.com/,SRC-0123,Very High,Verified,
ENT-0129,ENT-0129,canonical,Providence St. Mary Medical Center Foundation,Healthcare foundation / event producer,other,Apple Valley / Victorville,Providence,https://supportstmaryfoundation.org/,SRC-0124,Very High,Verified,
ENT-0130,ENT-0130,canonical,High Desert Rodeo,Rodeo event brand / producer network,event_brand,Victorville,Hesperia Wranglers / Double F Cattle Co.,https://hesperiawranglers.org/rodeo-queens,SRC-0121,Very High,Verified,
ENT-0131,ENT-0131,canonical,Double F Cattle Co.,Rodeo/livestock event organizer,other,High Desert,—,,SRC-0121,High,Needs Research,
ENT-0132,ENT-0132,canonical,San Bernardino County Department of Behavioral Health,County department / event producer,government_body,San Bernardino County / High Desert,San Bernardino County,https://wp.sbcounty.gov/dbh/,SRC-0128,Very High,Verified,
ENT-0133,ENT-0133,canonical,Apple Valley Community Clinic,County health/behavioral-health venue,venue,Apple Valley,San Bernardino County Department of Behavioral Health,https://wp.sbcounty.gov/dbh/events/,SRC-0128,Very High,Verified,
ENT-0134,ENT-0134,canonical,San Bernardino County Department of Public Health,County department / event producer,government_body,San Bernardino County / High Desert,San Bernardino County,https://dph.sbcounty.gov/,SRC-0129,Very High,Verified,
ENT-0135,ENT-0135,canonical,San Bernardino County Airports,County department / event producer,government_body,San Bernardino County / Apple Valley,San Bernardino County,https://airports.sbcounty.gov/,SRC-0130,Very High,Verified,
ENT-0136,ENT-0136,canonical,Apple Valley Airport,Airport / major event venue,venue,Apple Valley,San Bernardino County Airports,https://airports.sbcounty.gov/apple-valley-airport/,SRC-0130,Very High,Verified,
ENT-0137,ENT-0137,canonical,San Bernardino County Land Use Services,County department / event producer,government_body,Unincorporated High Desert,San Bernardino County,https://lus.sbcounty.gov/,SRC-0131,High,Verified,
ENT-0138,ENT-0138,canonical,San Bernardino County First District Supervisor,County district office / discovery source,other,High Desert / First District,San Bernardino County,https://bosd1.sbcounty.gov/,SRC-0132,Very High,Verified,
ENT-0139,ENT-0139,canonical,San Bernardino County Animal Care,County department / event producer,government_body,San Bernardino County / High Desert,San Bernardino County,https://animalcare.sbcounty.gov/,SRC-0135,Very High,Verified,
ENT-0140,ENT-0140,canonical,San Bernardino County Human Resources,County department / career event producer,government_body,San Bernardino County / High Desert,San Bernardino County,https://hr.sbcounty.gov/,SRC-0136,High,Verified,
ENT-0141,ENT-0141,canonical,San Bernardino County Sheriff's Department Recruiting,County department / career event producer,government_body,San Bernardino County / High Desert,San Bernardino County Sheriff's Department,https://sheriffsjobs.sbcounty.gov/,SRC-0137,High,Verified,
ENT-0142,ENT-0142,canonical,San Bernardino County Child Support Services,County department / community event producer,government_body,San Bernardino County / High Desert,San Bernardino County,https://childsupport.sbcounty.gov/,SRC-0138,High,Verified,
ENT-0143,ENT-0143,canonical,San Bernardino County Children and Family Services,County department / family event producer,government_body,San Bernardino County / High Desert,San Bernardino County,https://cfs.sbcounty.gov/,SRC-0139,High,Verified,
ENT-0144,ENT-0144,canonical,San Bernardino County District Attorney,County department / community event producer,government_body,San Bernardino County / High Desert,San Bernardino County,https://da.sbcounty.gov/,SRC-0140,High,Verified,
ENT-0145,ENT-0145,canonical,San Bernardino County Economic Development Agency,County department / business event producer,government_body,San Bernardino County / High Desert,San Bernardino County,https://www.selectsbcounty.com/,SRC-0141,Very High,Verified,
ENT-0146,ENT-0146,canonical,San Bernardino County Fire Protection District,County department / event producer,government_body,San Bernardino County / High Desert,San Bernardino County,https://sbcfire.org/,SRC-0142,Very High,Verified,
ENT-0147,ENT-0147,canonical,San Bernardino County Transitional Assistance Department,County department / outreach producer,government_body,San Bernardino County / High Desert,San Bernardino County,https://wp.sbcounty.gov/tad/,SRC-0143,Very High,Verified,
ENT-0148,ENT-0148,canonical,First 5 San Bernardino,County early-childhood agency / event producer,other,San Bernardino County / High Desert,San Bernardino County,https://first5sanbernardino.org/,SRC-0144,High,Verified,
ENT-0149,ENT-0149,canonical,San Bernardino County Veterans Affairs,County department / outreach producer,government_body,San Bernardino County / High Desert,San Bernardino County,https://va.sbcounty.gov/,SRC-0145,Very High,Verified,
ENT-0150,ENT-0150,canonical,San Bernardino County Aging and Adult Services – Public Guardian,County department / event producer,government_body,San Bernardino County / High Desert,San Bernardino County,https://daas.sbcounty.gov/,SRC-0146,High,Verified,
ENT-0151,ENT-0151,canonical,San Bernardino County Third District Supervisor,County district office / discovery source,other,Barstow / Morongo Basin / eastern county,San Bernardino County,https://bosd3.sbcounty.gov/,SRC-0147,Very High,Verified,
ENT-0152,ENT-0152,canonical,San Bernardino County Office of Homeless Services,County department / homeless-services event producer,government_body,San Bernardino County / High Desert,San Bernardino County,,SRC-0148,Very High,Recovered,Recovered referenced legacy entity from EDGE-00733 / SER-0123
ENT-0153,ENT-0153,canonical,San Bernardino County Children's Network,County child/family network / event producer,other,San Bernardino County / High Desert,San Bernardino County,https://cn.sbcounty.gov/,SRC-0149,High,Verified,
ENT-0154,ENT-0154,canonical,San Bernardino County Homeless Partnership,County homeless-services planning network,other,San Bernardino County / High Desert,Office of Homeless Services,https://sbchp.sbcounty.gov/,SRC-0150,Very High,Verified,
ENT-0155,ENT-0155,canonical,San Bernardino County Public Works — Solid Waste Management,County department / environmental outreach producer,government_body,San Bernardino County / unincorporated High Desert,San Bernardino County Public Works,https://dpw.sbcounty.gov/solid-waste-management/,SRC-0151,Medium,Verified,
ENT-0156,ENT-0156,canonical,City of Adelanto,Municipality / civic event producer,government_body,Adelanto,—,https://www.adelantoca.gov/,SRC-0152,Very High,Verified,
ENT-0157,ENT-0157,canonical,Adelanto Elementary School District,School district / event producer,school,Adelanto,—,https://www.aesd.net/,SRC-0153,Very High,Verified,
ENT-0158,ENT-0158,canonical,We Love Adelanto,Community organization / discovery source,organization,Adelanto,—,https://weloveadelanto.com/,SRC-0154,Very High,Verified,
ENT-0159,ENT-0159,canonical,I Am Love,Nonprofit / community service producer,organization,Adelanto / Apple Valley,—,https://iamloves.org/,SRC-0155,Very High,Verified,
ENT-0160,ENT-0160,canonical,I Am Love Resource Center — Adelanto,Community resource center / event venue,venue,Adelanto,I Am Love,https://iamloves.org/events/,SRC-0155,Very High,Verified,
ENT-0161,ENT-0161,canonical,Adelanto Bilingual Seventh-day Adventist Church,Church / community event producer,church,Adelanto,Seventh-day Adventist Church,https://adelantobilingualsdachurch.com/,SRC-0156,High,Verified,
ENT-0162,ENT-0162,canonical,Adelanto Little League,Youth sports organization,organization,Adelanto,Little League / CA District 49,https://tshq.bluesombrero.com/adelantoll,SRC-0157,Very High,Verified,
ENT-0163,ENT-0163,canonical,Adelanto Senior Center,Senior/community center,venue,Adelanto,City of Adelanto / Molding Hearts Foundation,,SRC-0158,Very High,Verified,
ENT-0164,ENT-0164,canonical,Molding Hearts Foundation,Nonprofit / community-services organization,organization,Regional / Adelanto program,—,https://moldinghearts.org/,SRC-0158,High,Verified,
ENT-0165,ENT-0165,canonical,BMB Entertainment / Busco Mi Banda,Event promoter / producer,promoter,Southern California / Adelanto,—,https://www.bmbevents.com/,SRC-0159,Very High,Verified,
ENT-0166,ENT-0166,canonical,SKYS PRESENTS,Event promoter,promoter,Regional / Adelanto,—,https://www.eventbrite.com/o/skys-presents-17439427400,SRC-0160,High,Verified,
ENT-0167,ENT-0167,canonical,OC TRUCK EVENTS,Automotive event promoter,promoter,Regional / Adelanto,—,,SRC-0161,High,Verified,
ENT-0168,ENT-0168,canonical,Kushstock Festival,Festival / event producer,other,Adelanto,—,https://kushstock.batchsys.com/,SRC-0162,High,Verified,
ENT-0169,ENT-0169,canonical,Adelanto Health Center,Public health clinic / service venue,venue,Adelanto,San Bernardino County Department of Public Health,https://dph.sbcounty.gov/programs/clinics/adelanto/,SRC-0129,High,Verified,
ENT-0170,ENT-0170,canonical,Adelanto Senior Center Backpack Giveaway,Community-event venue relationship,venue,Adelanto,Adelanto Senior Center,,SRC-0163,Medium,Verified,
ENT-0171,ENT-0171,canonical,Adelanto Heat Youth Football & Cheer,Youth football/cheer organization,organization,Adelanto,—,https://adelantoheat.com/,SRC-0165,Very High,Verified,
ENT-0172,ENT-0172,canonical,High Desert Jets Football and Cheer Inc.,Youth sports/community nonprofit,organization,Adelanto,—,https://kinhold.org/,SRC-0166,High,Verified,
ENT-0173,ENT-0173,canonical,Praise Chapel Adelanto,Church / community event producer,church,Adelanto,Praise Chapel,https://praisechapeladelanto.com/,SRC-0167,Very High,Verified,
ENT-0174,ENT-0174,canonical,Christ the Good Shepherd Catholic Church,Church / community event producer,church,Adelanto / Helendale,Roman Catholic Diocese of San Bernardino,https://www.cgshepherd-adelanto.org/,SRC-0168,High,Verified,
ENT-0175,ENT-0175,canonical,Detour SoCal,Festival/night-market promoter,promoter,High Desert / Adelanto,—,https://detoursocal.com/,SRC-0169,Very High,Verified,
ENT-0176,ENT-0176,canonical,Hope of a Higher Glory Community Church,Church / community event producer,church,Regional / Adelanto events,—,https://hopeinacommunity.org/,SRC-0170,High,Verified,
ENT-0177,ENT-0177,canonical,American Legion Leo Collins Post 229,Veterans organization / community venue,venue,Adelanto,The American Legion,https://mylegion.org/PersonifyEbusiness/Post-Detail?%40IP_IDENTITY_MCID=00005022900L&%40IP_IDENTITY_SCID=0,SRC-0171,Very High,Verified,
ENT-0178,ENT-0178,canonical,American Legion Riders Chapter 229,Veterans motorcycle/affinity organization,organization,Adelanto,American Legion Leo Collins Post 229,https://alrdoc.org/alr_chapterView.php?chapter_id=104,SRC-0172,High,Verified,
ENT-0179,ENT-0179,canonical,Southern California Timing Association,Motorsports sanctioning organization,organization,El Mirage / Southern California,—,https://scta-bni.org/,SRC-0173,Very High,Verified,
ENT-0180,ENT-0180,canonical,El Mirage OHV Recreation Area,Outdoor recreation / motorsports venue,venue,El Mirage / Adelanto-adjacent,Bureau of Land Management — Barstow Field Office,https://www.blm.gov/visit/el-mirage-ohv-area,SRC-0174,Very High,Verified,
ENT-0181,ENT-0181,canonical,GBodyFest,Automotive event producer / affinity brand,other,Regional / Adelanto events,—,,SRC-0175,High,Verified,
ENT-0182,ENT-0182,canonical,KMC Wheels,Automotive brand / event presenter,other,Regional / Adelanto events,—,https://www.kmcwheels.com/,SRC-0175,High,Verified,
ENT-0183,ENT-0183,canonical,Phelan Piñon Hills Community Services District,Special district / event producer,government_body,Phelan / Pinon Hills,—,https://www.pphcsd.org/,SRC-0176,Very High,Verified,
ENT-0184,ENT-0184,canonical,Phelan Community Center,Community center / event venue,venue,Phelan,Phelan Piñon Hills Community Services District,https://pphcsd.specialdistrict.org/community-centers,SRC-0176,Very High,Verified,
ENT-0185,ENT-0185,canonical,Piñon Hills Community Center,Community center / event venue,venue,Pinon Hills,Phelan Piñon Hills Community Services District,https://pphcsd.specialdistrict.org/community-centers,SRC-0176,High,Verified,
ENT-0186,ENT-0186,canonical,Phelan Chamber of Commerce,Chamber / community event producer,organization,Phelan / Tri-Community,—,https://www.phelanchamber.info/,SRC-0178,Very High,Verified,
ENT-0187,ENT-0187,canonical,High Desert Baptist Church,Church / community event producer,church,Phelan,—,https://www.hdbcphelan.com/,SRC-0180,High,Verified,
ENT-0188,ENT-0188,canonical,Wrightwood Chamber of Commerce,Chamber / signature-event producer,organization,Wrightwood,—,https://www.wrightwoodchamber.org/,SRC-0181,Very High,Verified,
ENT-0189,ENT-0189,canonical,Wrightwood Arts Center,Arts organization / event venue,venue,Wrightwood,—,https://www.wrightwoodarts.org/,SRC-0182,Very High,Verified,
ENT-0190,ENT-0190,canonical,Wrightwood Community Services District,Special district / event producer,government_body,Wrightwood,—,https://wrightwoodcsd.org/,SRC-0183,Very High,Verified,
ENT-0191,ENT-0191,canonical,Wrightwood Community Center,Community center / venue,venue,Wrightwood,Wrightwood Community Services District,,SRC-0183,Very High,Verified,
ENT-0192,ENT-0192,canonical,Hillside Community Church,Church / community event producer,church,Wrightwood,—,https://hillsidecommunitychurch.churchcenter.com/,SRC-0185,Very High,Verified,
ENT-0193,ENT-0193,canonical,Wrightwood Elementary School,School / community event producer,school,Wrightwood,Snowline Joint Unified School District,https://www.snowlineschools.com/,SRC-0186,High,Verified,
ENT-0194,ENT-0194,canonical,Lucerne Valley Chamber of Commerce,Chamber / community discovery source,organization,Lucerne Valley,—,https://lucernevalleychamber.org/,SRC-0187,Very High,Verified,
ENT-0195,ENT-0195,canonical,Lucerne Valley Senior Citizens,Senior/community organization & venue,venue,Lucerne Valley,—,,SRC-0188,Very High,Verified,
ENT-0196,ENT-0222,merge_alias,Lucerne Valley Lions Club,Civic/service club,organization,Lucerne Valley,Lions Clubs International,,SRC-0187,High,Duplicate/Merge,Merge into ENT-0222; retain legacy ID as alias/redirect
ENT-0197,ENT-0197,canonical,Lucerne Valley Youth Project,Youth/community nonprofit,organization,Lucerne Valley,High Desert Community Foundation,,SRC-0188,High,Verified,
ENT-0198,ENT-0198,canonical,Lucerne Valley Unified School District,School district / event producer,school,Lucerne Valley,—,https://www.lucernevalleyunified.org/,SRC-0189,Very High,Verified,
ENT-0199,ENT-0199,canonical,San Bernardino County CSA 29 — Lucerne Valley,Special district / parks & recreation producer,government_body,Lucerne Valley,San Bernardino County Special Districts,https://specialdistricts.sbcounty.gov/,SRC-0190,Very High,Verified,
ENT-0200,ENT-0200,canonical,Lucerne Valley Community Center,Community center / event venue,venue,Lucerne Valley,San Bernardino County CSA 29,,SRC-0191,Very High,Verified,
ENT-0201,ENT-0201,canonical,Silver Lakes Association,Private HOA/community event producer,organization,Helendale / Silver Lakes,—,https://silverlakesassociation.com/,SRC-0192,Very High,Verified,
ENT-0202,ENT-0202,canonical,Helendale Community Services District,Special district / event producer,government_body,Helendale,—,https://www.helendalecsd.org/,SRC-0193,Very High,Verified,
ENT-0203,ENT-0203,canonical,Helendale Community Park,Park / event venue,venue,Helendale,Helendale Community Services District,,SRC-0193,Very High,Verified,
ENT-0204,ENT-0204,canonical,Helendale School District,School district / event producer,school,Helendale,—,https://www.helendalesd.org/,SRC-0194,High,Verified,
ENT-0205,ENT-0205,canonical,Oak Hills Municipal Advisory Council,Local advisory council,government_body,Oak Hills,San Bernardino County First District,https://bosd1.sbcounty.gov/oak-hills-municipal-advisory-council/,SRC-0195,Very High,Verified,
ENT-0206,ENT-0206,canonical,Oak Hills High School,School / community event producer,school,Oak Hills,Hesperia Unified School District,https://www.hesperiausd.org/o/oak-hills-high-school,SRC-0196,Very High,Verified,
ENT-0207,ENT-0207,canonical,Oak Hills High School Instrumental Music Program,School arts organization,school,Oak Hills,Oak Hills High School,https://www.oakhillsmusic.com/,SRC-0197,High,Verified,
ENT-0208,ENT-0208,canonical,The Solid Rock Church,Church / community venue,venue,Oak Hills,—,https://solidrockoakhills.com/,SRC-0198,High,Verified,
ENT-0209,ENT-0209,canonical,Revival Dance Lab,Dance studio / performing arts producer,organization,Pinon Hills,—,https://www.revivaldancelab.com/,SRC-0199,High,Verified,
ENT-0210,ENT-0210,canonical,Phelan/Pinon Hills CERT,Emergency preparedness volunteer organization,organization,Phelan / Pinon Hills,CERT / local public-safety partners,,SRC-0200,High,Verified,
ENT-0211,ENT-0211,canonical,Wrightwood Fire Safe Council,Fire-safe council / civic nonprofit,organization,Wrightwood,—,https://www.wrightwoodfsc.com/,SRC-0201,Very High,Verified,
ENT-0212,ENT-0212,canonical,Lucerne Valley Museum & History Association,Museum / historical association,organization,Lucerne Valley,—,https://www.lucernevalleymuseum.org/,SRC-0202,Very High,Verified,
ENT-0213,ENT-0213,canonical,Lucerne Valley Roadrunners,Youth/community nonprofit,organization,Lucerne Valley,—,,SRC-0203,High,Verified,
ENT-0214,ENT-0214,canonical,Lucerne Valley Root Diggers Genealogy Association,Genealogy/history affinity group,other,Lucerne Valley,—,http://www.lucernevalley.net/orgs/roots/,SRC-0204,High,Verified,
ENT-0215,ENT-0215,canonical,Lucerne Valley Moose Lodge 2096,Fraternal/social club / event venue,venue,Lucerne Valley,Moose International,,SRC-0205,Very High,Verified,
ENT-0216,ENT-0216,canonical,Lucerne Valley Economic Development Association,Community/economic-development nonprofit,organization,Lucerne Valley,—,https://www.lveda.org/,SRC-0206,Very High,Verified,
ENT-0217,ENT-0217,canonical,Desert Crossroads Garden Club,Garden club / affinity organization,organization,Lucerne Valley,—,https://www.roadrunnergardenclubs.com/desert-crossroads-garden-club.html,SRC-0207,High,Verified,
ENT-0218,ENT-0218,canonical,Wild Wind Ranch Oak Hills,Nonprofit ranch / equestrian family venue,venue,Oak Hills,—,https://www.wildwindranchoakhills.com/,SRC-0208,High,Verified,
ENT-0219,ENT-0219,canonical,Mojave Archers,Archery club / range / event producer,organization,Phelan,—,https://www.mojavearchers.com/,SRC-0209,Very High,Verified,
ENT-0220,ENT-0220,canonical,Shine Bright Paint,Mobile arts/event provider,other,Southern California / Phelan programs,—,https://www.shinebrightpaint.net/,SRC-0210,High,Verified,
ENT-0221,ENT-0221,canonical,Drawing Together,Arts education nonprofit,organization,Wrightwood / regional / Phelan partner programs,—,https://www.drawingtogether.city/,SRC-0211,Very High,Verified,
ENT-0222,ENT-0222,canonical,Lucerne Valley Lions Club,Civic/service club,organization,Lucerne Valley,Lions Clubs International,https://lvlionsclub.com/,SRC-0212,Very High,Verified,
ENT-0223,ENT-0223,canonical,Can You Dig It Ranch,Equine-assisted learning nonprofit,organization,Lucerne Valley,—,https://canyoudigitranch.org/,SRC-0213,High,Verified,
ENT-0224,ENT-0224,canonical,King Trivia,Entertainment producer,organization,Hesperia,—,,SRC-0096,Medium,Resolved,Promoted during entity-resolution pass from unresolved relationship target(s). Evidence: SRC-0096.
ENT-0225,ENT-0225,canonical,Rescue Mission Alliance,Nonprofit / parent organization,organization,Victorville / Adelanto / Apple Valley,—,,SRC-0066,Medium,Resolved,Promoted during entity-resolution pass from unresolved relationship target(s). Evidence: SRC-0066.
ENT-0226,ENT-0226,canonical,Cat Fanciers' Association,Association / club organization,organization,Victorville,—,,SRC-0108,Medium,Resolved,Promoted during entity-resolution pass from unresolved relationship target(s). Evidence: SRC-0108.
ENT-0227,ENT-0227,canonical,28th District Agricultural Association,Government / institutional organization,government_body,Victorville,—,,SRC-0120,Medium,Resolved,Promoted during entity-resolution pass from unresolved relationship target(s). Evidence: SRC-0120.
ENT-0228,ENT-0228,canonical,Wrightwood Blues Society,Arts / music organization,organization,Wrightwood,—,,SRC-0027,Medium,Resolved,Promoted during entity-resolution pass from unresolved relationship target(s). Evidence: SRC-0027.
ENT-0229,ENT-0229,canonical,San Bernardino County,Government / institutional organization,government_body,Countywide / High Desert filtered,—,,SRC-0073,Medium,Resolved,"Promoted during entity-resolution pass from unresolved relationship target(s). Evidence: SRC-0073, SRC-0074, SRC-0127, SRC-0128, SRC-0129, SRC-0130, SRC-0131, SRC-0132, SRC-0134, SRC-0135, SRC-0136, SRC-0138, SRC-0139, SRC-0140, SRC-0141, SRC-0142, SRC-0143, SRC-0144, SRC-0145, SRC-0146, SRC-0147, SRC-0149."
ENT-0230,ENT-0230,canonical,On-The-Go Health,Institution / service organization,organization,Barstow / Morongo Basin / mountain communities / eastern county,—,,SRC-0147,Medium,Resolved,Promoted during entity-resolution pass from unresolved relationship target(s). Evidence: SRC-0147.
ENT-0231,ENT-0231,canonical,AYSO,Association / club organization,organization,Hesperia / Oak Hills,—,,SRC-0058,Medium,Resolved,"Promoted during entity-resolution pass from unresolved relationship target(s). Evidence: SRC-0058, SRC-0060."
ENT-0232,ENT-0232,canonical,Bureau of Land Management — Barstow Field Office,Government / institutional organization,government_body,El Mirage / Adelanto-adjacent,—,,SRC-0174,Medium,Resolved,Promoted during entity-resolution pass from unresolved relationship target(s). Evidence: SRC-0174.
ENT-0233,ENT-0233,canonical,California Farmers Market Collective,Organization / corpus-resolved target,organization,Apple Valley / High Desert,—,,SRC-0078,Medium,Resolved,Promoted during entity-resolution pass from unresolved relationship target(s). Evidence: SRC-0078.
ENT-0234,ENT-0234,canonical,City of Barstow,Government / institutional organization,government_body,Barstow,—,,SRC-0006,Medium,Resolved,"Promoted during entity-resolution pass from unresolved relationship target(s). Evidence: SRC-0006, SRC-0007."
ENT-0235,ENT-0235,canonical,City of Hesperia,Government / institutional organization,government_body,Hesperia,—,,SRC-0001,Medium,Resolved,Promoted during entity-resolution pass from unresolved relationship target(s). Evidence: SRC-0001.
ENT-0236,ENT-0236,canonical,City of Victorville,Government / institutional organization,government_body,Victorville,—,,SRC-0014,Medium,Resolved,"Promoted during entity-resolution pass from unresolved relationship target(s). Evidence: SRC-0014, SRC-0075."
ENT-0237,ENT-0237,canonical,City of Victorville Library,Government / institutional organization,government_body,Victorville,—,,SRC-0014,Medium,Resolved,Promoted during entity-resolution pass from unresolved relationship target(s). Evidence: SRC-0014.
ENT-0238,ENT-0238,canonical,Roman Catholic Diocese of San Bernardino,Faith organization,church,Hesperia,—,,SRC-0070,Medium,Resolved,"Promoted during entity-resolution pass from unresolved relationship target(s). Evidence: SRC-0070, SRC-0168."
ENT-0239,ENT-0239,canonical,Disabled American Veterans,Organization / corpus-resolved target,organization,Victorville,—,,SRC-0101,Medium,Resolved,Promoted during entity-resolution pass from unresolved relationship target(s). Evidence: SRC-0101.
ENT-0240,ENT-0240,canonical,Eventbrite,Event / platform organization,organization,Victor Valley / nearby,—,,SRC-0032,Medium,Resolved,Promoted during entity-resolution pass from unresolved relationship target(s). Evidence: SRC-0032.
ENT-0241,ENT-0241,canonical,Hesperia Unified School District,Government / institutional organization,government_body,Oak Hills,—,,SRC-0196,Medium,Resolved,Promoted during entity-resolution pass from unresolved relationship target(s). Evidence: SRC-0196.
ENT-0242,ENT-0242,canonical,High Desert Community Foundation,Nonprofit / parent organization,organization,Lucerne Valley,—,,SRC-0188,Medium,Resolved,Promoted during entity-resolution pass from unresolved relationship target(s). Evidence: SRC-0188.
ENT-0243,ENT-0243,canonical,Kiwanis International,Association / club organization,organization,Victorville,—,,SRC-0123,Medium,Resolved,Promoted during entity-resolution pass from unresolved relationship target(s). Evidence: SRC-0123.
ENT-0244,ENT-0244,canonical,Lions Clubs International,Association / club organization,organization,Lucerne Valley,—,,SRC-0187,Medium,Resolved,Promoted during entity-resolution pass from unresolved relationship target(s). Evidence: SRC-0187.
ENT-0245,ENT-0245,canonical,Providence,Institution / service organization,organization,Apple Valley / Victorville,—,,SRC-0124,Medium,Resolved,Promoted during entity-resolution pass from unresolved relationship target(s). Evidence: SRC-0124.
ENT-0246,ENT-0246,canonical,Providence St. Mary Medical Center,Institution / service organization,organization,Apple Valley / Victorville,—,,SRC-0103,Medium,Resolved,"Promoted during entity-resolution pass from unresolved relationship target(s). Evidence: SRC-0103, SRC-0104, SRC-0117."
ENT-0247,ENT-0247,canonical,Rotary Club of Apple Valley,Association / club organization,organization,Apple Valley,—,,SRC-0031,Medium,Resolved,Promoted during entity-resolution pass from unresolved relationship target(s). Evidence: SRC-0031.
ENT-0248,ENT-0248,canonical,San Bernardino County Agriculture/Weights & Measures,Government / institutional organization,government_body,High Desert / county,—,,SRC-0077,Medium,Resolved,Promoted during entity-resolution pass from unresolved relationship target(s). Evidence: SRC-0077.
ENT-0249,ENT-0249,canonical,San Bernardino County Environmental Health Services,Government / institutional organization,government_body,Apple Valley / High Desert,—,,SRC-0078,Medium,Resolved,Promoted during entity-resolution pass from unresolved relationship target(s). Evidence: SRC-0078.
ENT-0250,ENT-0250,canonical,San Bernardino County Library,Government / institutional organization,government_body,San Bernardino County / High Desert,—,,SRC-0010,Medium,Resolved,"Promoted during entity-resolution pass from unresolved relationship target(s). Evidence: SRC-0010, SRC-0011, SRC-0012, SRC-0013, SRC-0127."
ENT-0251,ENT-0251,canonical,San Bernardino County Museum,Government / institutional organization,government_body,Apple Valley,—,,SRC-0009,Medium,Resolved,"Promoted during entity-resolution pass from unresolved relationship target(s). Evidence: SRC-0009, SRC-0133."
ENT-0252,ENT-0252,canonical,San Bernardino County Public Works,Government / institutional organization,government_body,Countywide / unincorporated High Desert,—,,SRC-0151,Medium,Resolved,Promoted during entity-resolution pass from unresolved relationship target(s). Evidence: SRC-0151.
ENT-0253,ENT-0253,canonical,San Bernardino County Regional Parks,Government / institutional organization,government_body,San Bernardino County / High Desert,—,,SRC-0008,Medium,Resolved,Promoted during entity-resolution pass from unresolved relationship target(s). Evidence: SRC-0008.
ENT-0254,ENT-0254,canonical,San Bernardino County Sheriff's Department,Government / institutional organization,government_body,Countywide / High Desert filtered,—,,SRC-0137,Medium,Resolved,Promoted during entity-resolution pass from unresolved relationship target(s). Evidence: SRC-0137.
ENT-0255,ENT-0255,canonical,Snowline Joint Unified School District,Government / institutional organization,government_body,Wrightwood,—,,SRC-0186,Medium,Resolved,Promoted during entity-resolution pass from unresolved relationship target(s). Evidence: SRC-0186.
ENT-0256,ENT-0256,canonical,SoCal Jr. All American Football & Cheer,Organization / corpus-resolved target,organization,Hesperia / Oak Hills,—,,SRC-0059,Medium,Resolved,Promoted during entity-resolution pass from unresolved relationship target(s). Evidence: SRC-0059.
ENT-0257,ENT-0257,canonical,Spirit Filled Family Church International,Faith organization,church,Hesperia,—,,SRC-0069,Medium,Resolved,Promoted during entity-resolution pass from unresolved relationship target(s). Evidence: SRC-0069.
ENT-0258,ENT-0258,canonical,Town of Apple Valley,Government / institutional organization,government_body,Apple Valley,—,,SRC-0004,Medium,Resolved,"Promoted during entity-resolution pass from unresolved relationship target(s). Evidence: SRC-0004, SRC-0054, SRC-0061, SRC-0062, SRC-0063, SRC-0064, SRC-0072."
ENT-0259,ENT-0259,canonical,Town of Apple Valley Parks & Recreation,Government / institutional organization,government_body,Apple Valley,—,,SRC-0005,Medium,Resolved,Promoted during entity-resolution pass from unresolved relationship target(s). Evidence: SRC-0005.
ENT-0260,ENT-0260,canonical,U.S. Department of Veterans Affairs,Government / institutional organization,government_body,Victorville,—,,SRC-0102,Medium,Resolved,Promoted during entity-resolution pass from unresolved relationship target(s). Evidence: SRC-0102.
ENT-0261,ENT-0261,canonical,VFW,Association / club organization,organization,Hesperia,—,,SRC-0097,Medium,Resolved,Promoted during entity-resolution pass from unresolved relationship target(s). Evidence: SRC-0097.
ENT-0262,ENT-0262,canonical,Victor Elementary School District Family Resource Center,Government / institutional organization,government_body,Victor Valley,—,,SRC-0056,Medium,Resolved,Promoted during entity-resolution pass from unresolved relationship target(s). Evidence: SRC-0056.
ENT-0263,ENT-0263,canonical,Victor Valley News,Organization / corpus-resolved target,organization,Victor Valley / High Desert,—,,SRC-0018,Medium,Resolved,Promoted during entity-resolution pass from unresolved relationship target(s). Evidence: SRC-0018.
ENT-0264,ENT-0264,canonical,Victor Valley Union High School District,Government / institutional organization,government_body,Victorville / Adelanto / district,—,,SRC-0015,Medium,Resolved,"Promoted during entity-resolution pass from unresolved relationship target(s). Evidence: SRC-0015, SRC-0016."
ENT-0265,ENT-0265,canonical,YesTCG,Event / platform organization,organization,Inland Empire / High Desert,—,,SRC-0034,Medium,Resolved,Promoted during entity-resolution pass from unresolved relationship target(s). Evidence: SRC-0034.
ENT-0266,ENT-0266,canonical,California Assembly District 39,Government district / community event publisher,government_body,Assembly District 39 / High Desert,—,,SRC-0163,Medium,Resolved,Promoted during publisher-resolution pass from SRC-0163.
ENT-0267,ENT-0267,canonical,iDriveSoCal,Automotive event discovery/media organization,organization,Southern California / Adelanto discovery,—,,SRC-0175,Medium,Resolved,Promoted during publisher-resolution pass from SRC-0175.
ENT-0268,ENT-0268,canonical,Wrightwood Certified Farmers Market,Farmers market / recurring community producer,organization,Wrightwood,—,,SRC-0184,Medium,Resolved,Promoted during publisher-resolution pass from SRC-0184.
ENT-0269,ENT-0269,canonical,High Desert Cruise Nights,Automotive event brand / community producer,event_brand,High Desert,—,,SRC-0098,Medium,Resolved,Promoted from SRC-0098 source identity because the raw publisher label 'High Desert car-club community' is descriptive rather than canonical.
ENT-0270,ENT-0270,canonical,Hesperia Community Farmers Market,Farmers market / recurring community producer,organization,Hesperia,—,,SRC-0077,High,Resolved,Promoted during series-producer normalization from canonical recurring farmers-market series.
