Legacy Series ID,Canonical Series ID,Disposition,Series Name,Producer Raw,Primary Producer Entity ID,Producer Count,Venue / Geography Raw,Cadence Raw,Recurrence Type,Event Type Raw,Source ID,Source Integrity,Source URL,Ingestion Notes,Raw Status,Migration Status,Producer Status,Migration Notes
SER-0001,SER-0001,canonical,Hesperia Days,Hesperia Recreation and Park District,ENT-0001,1,Hesperia,Annual / September,annual,Festival / community celebration,SRC-0002,ok,https://www.hesperiaparks.com/events/,"Multi-part event: 5K, parade, festival, music, fireworks.",Verified,ready,resolved,
SER-0002,SER-0002,canonical,Bobcat's Summer Concert Series,Hesperia Recreation and Park District,ENT-0001,1,Hesperia Civic Plaza Park,Summer / Fridays,weekly,Live music,SRC-0003,ok,https://www.hesperiaparks.com/events/,Recurring seasonal series.,Verified,ready,resolved,
SER-0003,SER-0003,canonical,Movies in the Park,Hesperia Recreation and Park District,ENT-0001,1,Hesperia Civic Plaza Park,Summer,seasonal,Outdoor film,SRC-0003,ok,https://www.hesperiaparks.com/events/,Recurring seasonal series.,Verified,ready,resolved,
SER-0004,SER-0047,merge_alias,Hesperia Community Farmers Market,Local market organizers / HRPD calendar,ENT-0270,1,Hesperia,Weekly / Saturday,weekly,Market / community,SRC-0002,ok,https://www.hesperiaparks.com/calendar/,Appears in HRPD calendar; identify independent organizer source.,Verified,ready,resolved,Merge into SER-0047
SER-0005,SER-0005,canonical,Second Saturdays,Victor Valley Museum,ENT-0006,1,Apple Valley,Monthly / second Saturday,monthly,Family / museum / crafts,SRC-0009,ok,https://museum.sbcounty.gov/venue/victor-valley-museum/,Series metadata available in event system.,Verified,ready,resolved,
SER-0006,SER-0006,canonical,Cosmic Nights,Victor Valley Museum,ENT-0006,1,Apple Valley,Periodic,irregular_recurring,Astronomy / science,SRC-0009,ok,https://museum.sbcounty.gov/venue/victor-valley-museum/,"Research partner organizer(s), including astronomy groups.",Verified,ready,resolved,
SER-0007,SER-0007,canonical,Apple Valley Library Programs,San Bernardino County Library,ENT-0250,1,Apple Valley,Weekly/monthly,weekly,Library / family,SRC-0011,ok,https://library.sbcounty.gov/apple-valley-branch-program-calendar/,Multiple recurring sub-series; can be normalized later.,Verified,ready,resolved,
SER-0008,SER-0008,canonical,Hesperia Library Programs,San Bernardino County Library,ENT-0250,1,Hesperia,Weekly/monthly,weekly,Library / community,SRC-0012,ok,https://library.sbcounty.gov/hesperia-branch-programs/,Multiple recurring sub-series.,Verified,ready,resolved,
SER-0009,SER-0009,canonical,Adelanto Library Programs,San Bernardino County Library,ENT-0250,1,Adelanto,Weekly/monthly,weekly,Library / family,SRC-0013,ok,https://library.sbcounty.gov/adelanto-branch-programs-2/,Multiple recurring sub-series.,Verified,ready,resolved,
SER-0010,SER-0010,canonical,Victorville City Library Weekly Programs,City of Victorville Library,ENT-0237,1,Victorville,Weekly,weekly,Library / youth / adult,SRC-0014,ok,https://www.victorvilleca.gov/Government/City-Departments/Library/Library-Programming,Requires recurrence expansion from editorial page.,Verified,ready,resolved,
SER-0011,SER-0011,canonical,Newton T. Bass Family Concert Series,Victor Valley Community Concert Association,ENT-0015,1,Victor Valley College Performing Arts Center,Seasonal / multi-concert season,seasonal,Professional performing arts,SRC-0021,ok,https://vvcca.org/concerts/,Distinct presenter/series/venue/ticketing relationships.,Verified,ready,resolved,
SER-0012,SER-0012,canonical,Hilltop Tavern Live Entertainment,Hilltop Tavern & Inn,ENT-0017,1,Apple Valley,Frequent / year-round,irregular_recurring,Live music / comedy,SRC-0024,ok,https://hilltoptavernandinn.com/entertainment/,Frequent ticketed events; parse individually.,Verified,ready,resolved,
SER-0013,SER-0013,canonical,Village Grind Summer Concert Series,Village Grind & Wine / Wrightwood Blues Society,ENT-0020,2,Wrightwood,Summer / Wednesdays,weekly,Live music + dining,SRC-0027,ok,https://www.wrightwoodrestaurant.com/event-list,Wrightwood Blues Society appears as partner/producer; recurse separately.,Verified,ready,resolved,
SER-0014,SER-0014,canonical,Hesperia Leisure League Music Night,Hesperia Leisure League / Groove Hunters,ENT-0022,2,Hesperia,Monthly-ish / Friday,monthly,Live music / social,SRC-0028,ok,https://www.groovehunters.com/event-list,Performer states recurring Friday pattern; verify cadence with venue.,Verified,ready,resolved,
SER-0015,SER-0015,canonical,High Desert Community Star Parties,High Desert Astronomical Society,ENT-0023,1,"Luz Observatory, Apple Valley",Periodic,irregular_recurring,Astronomy / science,SRC-0030,ok,https://nightsky.jpl.nasa.gov/clubs/hidas/home/,Independent HiDAS events in addition to museum Cosmic Nights.,Verified,ready,resolved,
SER-0016,SER-0016,canonical,Linebreakers MTG Commander Nights,Linebreakers,ENT-0031,1,Victorville,Recurring,irregular_recurring,Magic: The Gathering / tabletop,SRC-0033,ok,https://www.comicbooksurplus.com/collections/event-tickets,First-party event-ticket catalog lists recurring Commander Nights.,Verified,ready,resolved,
SER-0017,SER-0017,canonical,Linebreakers Blood Bowl Fridays,Linebreakers,ENT-0031,1,Victorville,Fridays / recurring,weekly,Tabletop miniatures / league,SRC-0033,ok,https://www.comicbooksurplus.com/collections/event-tickets,First-party recurring event listing.,Verified,ready,resolved,
SER-0018,SER-0018,canonical,Linebreakers One Piece Saturdays,Linebreakers,ENT-0031,1,Victorville,Saturdays / recurring,weekly,TCG organized play,SRC-0033,ok,https://www.comicbooksurplus.com/collections/event-tickets,First-party recurring event listing.,Verified,ready,resolved,
SER-0019,SER-0019,canonical,Paladin's Rest Weekly TCG Events,Sevens Goods and The Paladin's Rest,ENT-0033,1,Hesperia,Multiple days weekly,weekly,Magic / Pokémon / One Piece,SRC-0036,ok,https://cardboard2.com/lgs/3318,Several weekly organized-play streams; reconcile publisher/platform feeds.,Verified,ready,resolved,
SER-0020,SER-0020,canonical,Baseball & Games One Piece Store Tournaments,Baseball & Games,ENT-0032,1,Hesperia,Saturdays / recurring,weekly,One Piece TCG,SRC-0035,ok,https://cardboard2.com/lgs/3307,Bandai TCG+ derived recurring store tournaments.,Verified,ready,resolved,
SER-0021,SER-0021,canonical,Apple Valley Gun Club Open Trap,Apple Valley Gun Club,ENT-0037,1,Victorville / Apple Valley area,"Wednesday, Thursday and Saturday / recurring",irregular_recurring,Shooting sport,SRC-0041,ok,https://applevalleygunclub.com/calendar-of-events/,Public recurring sporting event with multiple weekly sessions.,Verified,ready,resolved,
SER-0022,SER-0022,canonical,Apple Valley Gun Club Monthly Matches,Apple Valley Gun Club,ENT-0037,1,Victorville / Apple Valley area,Monthly / multiple series,monthly,Shooting sports / archery,SRC-0041,ok,https://applevalleygunclub.com/calendar-of-events/,Many named recurring match series; can later normalize into individual series.,Verified,ready,resolved,
SER-0023,SER-0023,canonical,Calvary Chapel Apple Valley Weekly Programs,Calvary Chapel Apple Valley,ENT-0039,1,Apple Valley,Weekly / recurring,weekly,Faith / classes / social / service,SRC-0043,ok,https://calvaryav.org/index.php/e-bulletin,Bulletin describes repeating weekly programs plus special events.,Verified,ready,resolved,
SER-0024,SER-0024,canonical,Saint Mary Coptic Weekly Services & Activities,Saint Mary Coptic Orthodox Church,ENT-0040,1,Victorville,Weekly / recurring,weekly,Faith / community,SRC-0044,ok,https://www.stmarychurchvv.com/calendar-of-events/,Structured monthly calendar.,Verified,ready,resolved,
SER-0025,SER-0025,canonical,Apple Valley Nazarene Recurring Community Programs,Apple Valley Church of the Nazarene,ENT-0043,1,Apple Valley,Weekly / monthly,weekly,Faith / recreation / support,SRC-0047,ok,https://avnaz.org/,"Includes pickleball, youth, support groups, studies and prayer gatherings.",Verified,ready,resolved,
SER-0026,SER-0026,canonical,MRVHA Show & Event Season,Mojave River Valley Horsemen's Association,ENT-0046,1,Apple Valley,Annual multi-event season,annual,Equestrian / social,SRC-0049,ok,https://mrvha.com/,"Includes schooling show, gymkhana, point shows, bingo and obstacle challenge.",Verified,ready,resolved,
SER-0027,SER-0027,canonical,HD BMX Monday Night Racing,HD BMX,ENT-0047,1,"Live Oak Park, Hesperia",Mondays / recurring,weekly,BMX racing,SRC-0050,ok,https://www.usabmx.com/tracks/ca-hd-bmx/contact,Sanctioned track schedule; Hesperia Parks independently confirms cadence.,Verified,ready,resolved,
SER-0028,SER-0028,canonical,HD BMX Wednesday Night Racing,HD BMX,ENT-0047,1,"Live Oak Park, Hesperia",Wednesdays / recurring,weekly,BMX racing,SRC-0050,ok,https://www.usabmx.com/tracks/ca-hd-bmx/contact,Sanctioned track schedule; individual USA BMX event pages available.,Verified,ready,resolved,
SER-0029,SER-0029,canonical,Thunderbird Tuesday Dance Classes,Thunderbird Square Dance Club,ENT-0051,1,"James A. Woody Community Center, Apple Valley",Tuesdays / weekly,weekly,Square dance / line dance,SRC-0054,ok,https://www.thunderbirdsquaredanceclub.com/classes,6 PM line dancing followed by square dancing/classes.,Verified,ready,resolved,
SER-0030,SER-0030,canonical,Praise Chapel Youth Nights,Praise Chapel Apple Valley,ENT-0050,1,Apple Valley,1st & 3rd Fridays,weekly,Youth / faith / social,SRC-0053,ok,https://praisechapelapplevalley.com/events/,Explicit recurring schedule on first-party events page.,Verified,ready,resolved,
SER-0031,SER-0031,canonical,Praise Chapel Women's Bible Studies,Praise Chapel Apple Valley,ENT-0050,1,Apple Valley,2nd & 4th Fridays,weekly,Faith / affinity group,SRC-0053,ok,https://praisechapelapplevalley.com/events/,Explicit recurring schedule.,Verified,ready,resolved,
SER-0032,SER-0032,canonical,High Desert Food Distribution Network,Multiple churches / community organizations,,0,Victor Valley / High Desert,Weekly and monthly recurring,weekly,Community service / food distribution,SRC-0055,ok,https://dph.sbcounty.gov/community-resources/,County directory provides recurrence and location for multiple producers; each organization should become its own series/source where possible.,Verified,ready,collective_unresolved_by_design,
SER-0033,SER-0033,canonical,Hesperia AYSO Fall Season,Hesperia Heat AYSO Region 878,ENT-0058,1,Hesperia / Oak Hills,Annual fall season,annual,Youth soccer,SRC-0058,ok,https://www.hesperiaayso.org/,"First games, SoccerFest/Picture Day and region-calendar events.",Verified,ready,resolved,
SER-0034,SER-0034,canonical,Hesperia Trojans Football & Cheer Season,Hesperia Trojans,ENT-0059,1,Hesperia / Oak Hills,Late July–December / annual,annual,Youth football & cheer,SRC-0059,ok,https://www.hesperiatrojans.com/,Practices begin late July; home games at Oak Hills High School; Hesperia Parks exposes in-season range.,Verified,ready,resolved,
SER-0035,SER-0035,canonical,AYSO Region 665 Victor Valley Season,AYSO Region 665,ENT-0060,1,Victor Valley,Seasonal,seasonal,Youth soccer,SRC-0060,ok,https://www.ayso665.org/,Opening day and registration dates published on region site.,Verified,ready,resolved,
SER-0036,SER-0036,canonical,High Desert Second Chance Food Distribution Schedule,High Desert Second Chance,ENT-0064,1,Hesperia,Weekly + monthly,weekly,Community service,SRC-0065,ok,https://dph.sbcounty.gov/community-resources/,"Mon–Thu pantry, Saturday drive-through, monthly USDA/senior distributions.",Verified,ready,resolved,
SER-0037,SER-0037,canonical,Victor Valley Rescue Mission Partner Pantry Network,Rescue Mission Alliance / Victor Valley Rescue Mission,ENT-0225,2,Victor Valley / Adelanto / Apple Valley,Weekly/monthly recurring,weekly,Community service,SRC-0066,ok,https://valleyfoodbank.org/direct-assistance/,Multiple recurring partner-site distributions and community dinners.,Verified,ready,resolved,
SER-0038,SER-0038,canonical,New Life Chapel Event Program,New Life Chapel,ENT-0067,1,Hesperia,Periodic + recurring,irregular_recurring,Faith / community / classes,SRC-0068,ok,https://www.newlifechapel.com/events,Individual event pages support calendar sync; app supplements web listing.,Verified,ready,resolved,
SER-0039,SER-0039,canonical,Spirit Filled Family Church Food Distribution,Spirit Filled Family Church,ENT-0257,1,Hesperia,Saturdays / weekly,weekly,Community service / food distribution,SRC-0069,ok,https://hesperia.spiritfilledfamily.church/,First-party campus page confirms Saturday 9 AM food distribution.,Verified,ready,resolved,
SER-0040,SER-0040,canonical,Project 7000,Spirit Filled Family Church,ENT-0257,1,Hesperia,Annual,annual,Youth / music / community / faith,SRC-0069,ok,https://hesperia.spiritfilledfamily.church/,"2026 edition ran Aug 26–28 with concert, fellowship and outdoor movie programming.",Verified,ready,resolved,
SER-0041,SER-0041,canonical,Holy Family Friday Adoration,Holy Family Catholic Church,ENT-0069,1,Hesperia,Fridays / weekly,weekly,Faith / devotional,SRC-0070,ok,https://www.holyfamilyhd.org/adoration,Weekly 9 AM–9 PM; first Friday extends overnight.,Verified,ready,resolved,
SER-0042,SER-0042,canonical,Holy Family Food Distribution,Holy Family Catholic Church,ENT-0069,1,Hesperia,2nd & 3rd Wednesdays,weekly,Community service / food distribution,SRC-0070,ok,https://www.holyfamilyhd.org/,County/VESD directories confirm 10 AM–12 PM cadence.,Verified,ready,resolved,
SER-0043,SER-0043,canonical,Happy Trails Street Fair & Car Show,The Village in Apple Valley PBID,ENT-0070,1,Apple Valley / James A. Woody area,Annual,annual,Street fair / car show / business-community,SRC-0071,ok,https://avvillage.org/events/2026-happy-trails-event/,Annual district event; historical vendor docs place street fair at James A. Woody Community Center area.,Verified,ready,resolved,
SER-0044,SER-0044,canonical,Coyote Classic,AYSO Region 665,ENT-0060,1,Victor Valley / Apple Valley historically,Annual,annual,Youth soccer tournament,SRC-0075,ok,https://www.ayso665.org/Default.aspx?tabid=853398,Region explicitly states it proudly hosts annual Coyote Classic; historical tournament pages provide format details.,Verified,ready,resolved,
SER-0045,SER-0045,canonical,High Desert Hiring Events,San Bernardino County Workforce Development Board,ENT-0073,1,Apple Valley / High Desert,Periodic,irregular_recurring,Hiring / career / workforce,SRC-0073,ok,https://workforce.sbcounty.gov/,Structured calendar events; Apple Valley Conference Center is a recurring venue.,Verified,ready,resolved,
SER-0046,SER-0046,canonical,Victor Valley Community Services Council Monthly Activities,Victor Valley Community Services Council,ENT-0075,1,Victorville / Hesperia,Monthly recurring,monthly,Senior / intergenerational / wellness,SRC-0076,ok,https://www.vvcsc.com/,"Includes bingo, crafts, yoga/zumba, group shopping and pantry trips.",Verified,ready,resolved,
SER-0047,SER-0047,canonical,Hesperia Community Farmers Market,Hesperia Community Farmers Market,ENT-0270,1,Hesperia Civic Plaza Park,Saturdays / year-round,weekly,Farmers market / community,SRC-0077,ok,https://awm.sbcounty.gov/certified-farmers-markets-locations/,County directory provides canonical day/time and address.,Verified,ready,resolved,
SER-0048,SER-0048,canonical,High Desert Farmers Market,High Desert Farmers Market,ENT-0077,1,Victor Valley College,Thursdays / year-round,weekly,Farmers market / community,SRC-0077,ok,https://awm.sbcounty.gov/certified-farmers-markets-locations/,County directory confirms Thursday 8 AM–12 PM.,Verified,ready,resolved,
SER-0049,SER-0154,merge_alias,Phelan Certified Farmers Market,Phelan Certified Farmers Market,ENT-0078,1,Phelan Community Center,Mondays / seasonal hours,weekly,Farmers market / community,SRC-0077,ok,https://awm.sbcounty.gov/certified-farmers-markets-locations/,April–November and winter hours differ.,Verified,ready,resolved,Merge into SER-0154
SER-0050,SER-0050,canonical,Victor Valley Museum Farmers Market,California Farmers Market Collective,ENT-0233,1,Victor Valley Museum,Recurring Sundays,weekly,Farmers market / community,SRC-0078,ok,https://ehs.sbcounty.gov/event/victor-valley-museum-farmers-market/2026-09-20/,"County event system exposes series, dates, venue and calendar export.",Verified,ready,resolved,
SER-0051,SER-0051,canonical,High Desert Marines Car Show,High Desert Marines,ENT-0082,1,Victor Valley College Lower Campus,Annual,annual,Car show / veterans / community,SRC-0081,ok,https://www.highdesertmarines.com/upcoming-events/,"2026 edition included vehicles, nonprofit booths, veteran resources, food and live music.",Verified,ready,resolved,
SER-0052,SER-0052,canonical,Today's Woman Foundation Annual Gala,Today's Woman Foundation,ENT-0083,1,VVC Educational Event Center,Annual,annual,Nonprofit gala / fundraiser,SRC-0082,ok,https://todayswomanfoundation.org/tickets/,"2026 gala scheduled Oct. 3, 5:00–8:30 PM.",Verified,ready,resolved,
SER-0053,SER-0053,canonical,Warriors Wear Pink Gala,Poised-N-Polished,ENT-0084,1,High Desert,Annual / October,annual,Nonprofit gala / wellness,SRC-0083,ok,https://poisednpolishedcorp.org/,Third annual event announced for October 2026.,Verified,ready,resolved,
SER-0054,SER-0054,canonical,Triumph Adaptive Shooting Clinic,Triumph Foundation / Apple Valley Gun Club,ENT-0085,2,Apple Valley Gun Club,Periodic,irregular_recurring,Adaptive recreation,SRC-0084,ok,https://triumph-foundation.org/events/,Structured calendar lists local adaptive clinic at Apple Valley Gun Club.,Verified,ready,resolved,
SER-0055,SER-0055,canonical,Victorville Senior Citizens Bingo,Victorville Senior Citizens Club,ENT-0088,1,Victorville Senior Citizens Club,2nd & 4th Saturdays,weekly,Senior / bingo / social,SRC-0087,ok,https://www.victorvilleseniorcitizensclub.com/calender,Monthly calendar confirms recurring cadence.,Verified,ready,resolved,
SER-0056,SER-0056,canonical,Apple Valley Senior Center Bingo,Apple Valley Senior Citizens Club,ENT-0089,1,Apple Valley Senior Center,Wednesdays & Thursdays,weekly,Senior / bingo / social,SRC-0088,ok,https://www.avseniorclub.com/,First-party schedule states weekly Wednesday and Thursday bingo.,Verified,ready,resolved,
SER-0057,SER-0057,canonical,Hesperia Music Academy Recitals,Hesperia Music Academy,ENT-0091,1,Hesperia,Usually June & December,seasonal,Music recital / youth-family arts,SRC-0090,ok,https://hesperiamusicacademy.com/calendar/,Academy says free recitals are generally held in June and December.,Verified,ready,resolved,
SER-0058,SER-0058,canonical,HDHCC Cafecito Breakfast,High Desert Hispanic Chamber of Commerce,ENT-0092,1,High Desert,Recurring / roughly monthly,monthly,Business networking,SRC-0091,ok,https://hdhcc.org/,Multiple 2026 Cafecito dates listed on first-party site.,Verified,ready,resolved,
SER-0059,SER-0059,canonical,HDHCC Cena de Empresarios con Visión,High Desert Hispanic Chamber of Commerce,ENT-0092,1,High Desert,Recurring,irregular_recurring,Business networking / Hispanic business community,SRC-0091,ok,https://hdhcc.org/,Multiple 2026 dinner-networking dates listed.,Verified,ready,resolved,
SER-0060,SER-0060,canonical,HDHCC Fiesta 5K Run,High Desert Hispanic Chamber of Commerce,ENT-0092,1,Victor Valley College,Annual / September,annual,5K / business-community / cultural,SRC-0091,ok,https://hdhcc.org/,2026 run includes live entertainment and exhibit booths.,Verified,ready,resolved,
SER-0061,SER-0061,canonical,FORGE Weekly Food Distribution,FORGE Foundation,ENT-0093,1,"16700 Green Tree Blvd, Victorville",Fridays / weekly,weekly,Community service / food distribution,SRC-0092,ok,https://forgevv.org/events,Every Friday at 10 AM.,Verified,ready,resolved,
SER-0062,SER-0062,canonical,FORGE Community Day,FORGE Foundation,ENT-0093,1,"16700 Green Tree Blvd, Victorville",4th Saturday / monthly,monthly,Community / resources / celebration,SRC-0092,ok,https://forgevv.org/events,Monthly public gathering with resources and community connection.,Verified,ready,resolved,
SER-0063,SER-0063,canonical,FORGE Town Hall,FORGE Foundation,ENT-0093,1,Online / Victorville community,2nd Monday / monthly,monthly,Civic/community discussion,SRC-0092,ok,https://forgevv.org/events,Recurring Zoom history/civics/current-events conversation.,Verified,ready,resolved,
SER-0064,SER-0064,canonical,3rd Strike Beer Co. Trivia Night,King Trivia / 3rd Strike Beer Co.,ENT-0224,2,Hesperia,Weekly,weekly,Trivia / brewery / social,SRC-0096,ok,https://www.eventbrite.com/e/trivia-night-at-3rd-strike-beer-co-tickets-1985342712497,Recurring Eventbrite series; venue is canonical producer/host.,Verified,ready,resolved,
SER-0065,SER-0065,canonical,VFW Post 2924 Karaoke,VFW Post 2924 Joshua Palms,ENT-0098,1,Hesperia,Friday & Saturday nights,weekly,Karaoke / veterans / social,SRC-0097,ok,https://events.yodel.today/hesperia-ca/event/VFW-Post-2924--Joshua-Palms--Hesperia/Karaoke-with-DJ-Pete/6a0e79aa504fc84a60927f49,Secondary structured source cites VFW Facebook as origin.,Verified,ready,resolved,
SER-0066,SER-0066,canonical,High Desert Cruise Nights,High Desert car-club community,ENT-0269,1,"Charleys Cheesesteak and Wings, Hesperia",Monthly,monthly,Car culture / cruise night,SRC-0098,ok,https://www.idrivesocal.com/events/high-desert-car-club-cruise-nights,Structured monthly future dates available.,Verified,ready,resolved,
SER-0067,SER-0067,canonical,LifeStream Hesperia Blood Drives,LifeStream Blood Bank,ENT-0100,1,Multiple Hesperia host venues,Recurring / rotating,irregular_recurring,Blood drive / health service,SRC-0099,ok,https://www.lstream.org/hesperia/,Structured table lists rotating 2026 host sites and appointment windows.,Verified,ready,resolved,
SER-0068,SER-0068,canonical,DAV Chapter 92 Food Pantry,DAV Chapter 92,ENT-0101,1,"High Desert Vet Center, Victorville",Fridays / weekly,weekly,Veterans / food distribution,SRC-0101,ok,https://dav92.org/services/,DAV and county sources corroborate recurring Friday pantry.,Verified,ready,resolved,
SER-0069,SER-0069,canonical,DAV Chapter 92 Monthly Meeting,DAV Chapter 92,ENT-0101,1,Victorville,2nd Wednesday / monthly,monthly,Veterans / organization meeting,SRC-0101,ok,https://dav92.org/,DAV chapter system lists recurring member meetings.,Verified,ready,resolved,
SER-0070,SER-0070,canonical,High Desert Vet Center GWOT/OIF/OEF Group,High Desert Vet Center,ENT-0102,1,Victorville,Thursdays / ongoing,weekly,Veterans support group,SRC-0102,ok,https://www.va.gov/high-desert-vet-center/,"Eligibility-specific ongoing group, 5:00–6:30 PM.",Verified,ready,resolved,
SER-0071,SER-0071,canonical,Providence Women's Cancer Awareness Group,Providence St. Mary Medical Center,ENT-0246,1,"St. Mary Medical Center, Apple Valley",3rd Tuesday / monthly,monthly,Health support group,SRC-0103,ok,https://www.providence.org/locations/socal/st-mary-medical-center/patient-and-visitors/support-groups,Free community support group.,Verified,ready,resolved,
SER-0072,SER-0072,canonical,Providence Diabetes Education & Support,Providence St. Mary Medical Center,ENT-0246,1,St. Mary Medical Center / community sites,Monthly,monthly,Health education/support,SRC-0103,ok,https://www.providence.org/locations/socal/st-mary-medical-center/patient-and-visitors/support-groups,English and Spanish recurring groups documented.,Verified,ready,resolved,
SER-0073,SER-0073,canonical,Providence M.O.M.S. Support Group,Providence St. Mary Medical Center,ENT-0246,1,Apple Valley Community Health Center,1st & 3rd Fridays,weekly,Parenting / maternal support,SRC-0103,ok,https://www.providence.org/locations/socal/st-mary-medical-center/patient-and-visitors/support-groups,"Open to mothers, mothers-to-be and young babies.",Verified,ready,resolved,
SER-0074,SER-0074,canonical,Rhea Lana's High Desert Consignment Events,Rhea Lana's of The High Desert,ENT-0104,1,SBC Fairgrounds / High Desert,Twice yearly,annual,Family / shopping / consignment,SRC-0105,ok,https://highdesert.rhealana.com/,Spring and fall week-long event cycle.,Verified,ready,resolved,
SER-0075,SER-0075,canonical,Gladiator Challenge High Desert Fight Nights,Gladiator Challenge,ENT-0105,1,Victorville / Adelanto,Multiple dates annually,annual,MMA / live sports,SRC-0106,ok,https://gladiatorchallenge.com/,Multiple 2026 events confirm recurring High Desert promoter relationship.,Verified,ready,resolved,
SER-0076,SER-0076,canonical,High Desert Home Shows,High Desert Home Shows,ENT-0106,1,"SBC Fairgrounds, Victorville",Twice yearly,annual,Home/lifestyle expo,SRC-0107,ok,https://highdeserthomeshows.com/,Promoter explicitly produces two expos annually.,Verified,ready,resolved,
SER-0077,SER-0077,canonical,Crown City Cat Club Show,Crown City Cat Club,ENT-0107,1,"SBC Fairgrounds, Victorville",Annual/periodic,annual,Cat show / hobby,SRC-0108,ok,https://cfa.org/event/crown-city-cat-club/,CFA structured show source.,Verified,ready,resolved,
SER-0078,SER-0078,canonical,Bingo Loco Victorville,Bingo Loco,ENT-0108,1,"SBC Fairgrounds, Victorville",Periodic touring dates,irregular_recurring,Live entertainment / bingo,SRC-0109,ok,https://us.bingoloco.com/california,Victorville is a listed California city; Fairgrounds hosted multiple 2026 dates.,Verified,ready,resolved,
SER-0079,SER-0079,canonical,Ricky's Bar Karaoke,Ricky's Bar,ENT-0110,1,Victorville,Multiple nights weekly,weekly,Karaoke / nightlife,SRC-0111,ok,https://qlist.app/venues/Victorville/Rickys-Bar/cDQ1a1pGbUp3ZnZiWmg1U01kUU5Sdw,Current secondary sources corroborate recurring karaoke; exact night pattern should be confirmed from primary source.,Verified,ready,resolved,
SER-0080,SER-0080,canonical,Wheel2Wheel Raceway Season,Wheel2Wheel Raceway,ENT-0119,1,"SBC Fairgrounds, Victorville",Seasonal / March-November,seasonal,Motorsports,SRC-0112,ok,https://wheel2wheelraceway.com/race-schedule/,Multiple dated race days throughout the season.,Verified,ready,resolved,
SER-0081,SER-0081,canonical,SoCal Mower Racing — Victorville Rounds,SoCal Mower Racing,ENT-0120,1,Wheel2Wheel Raceway / SBC Fairgrounds,Periodic within annual season,annual,Motorsports / mower racing,SRC-0113,ok,https://www.socalmowerracing.net/race-schedule,Club schedule includes Victorville practices/races and fair appearances.,Verified,ready,resolved,
SER-0082,SER-0082,canonical,Fuentez Entertainment — Victorville Fairgrounds Concerts,Fuentez Entertainment LLC,ENT-0121,1,Victorville Fairgrounds,Multiple dates annually,annual,Regional Mexican music / jaripeo / live entertainment,SRC-0114,ok,https://ticketon.com/en/promoters/5c2b2bdd01c5405d9bdab9a5a87a0769,Promoter catalog shows repeated Victorville dates across the year.,Verified,ready,resolved,
SER-0083,SER-0083,canonical,Little Mania — Victorville,Little Mania Wrestling / Fuentez Entertainment,ENT-0122,2,"SBC Fairgrounds, Victorville",Touring / periodic,irregular_recurring,Wrestling / comedy / live entertainment,SRC-0115,ok,https://www.littlemaniawrestling.com/,2026 Fairgrounds appearance confirmed Apr 20.,Verified,ready,resolved,
SER-0084,SER-0084,canonical,Frogee's Live Music,Frogee's Cocktail Lounge,ENT-0111,1,Apple Valley,Recurring / performer-driven,irregular_recurring,Live music,SRC-0116,ok,https://www.bandsintown.com/v/10049367-frogee%27s-cocktail-lounge,Bandsintown supplies dated shows; reconcile with venue/artist social sources.,Verified,ready,resolved,
SER-0085,SER-0085,canonical,Providence St. Mary Stroke Support Group,Providence St. Mary Medical Center,ENT-0246,1,"Providence St. Mary Senior Select Center, Apple Valley",3rd Thursday / monthly,monthly,Health support group,SRC-0117,ok,https://www.stroke.org/en/stroke-groups/st-mary--stroke-support-group,Open to community; confirm before arrival per association listing.,Verified,ready,resolved,
SER-0086,SER-0086,canonical,Girls Day Out,El Dorado Broadcasters,ENT-0127,1,"SBC Fairgrounds, Victorville",Annual / recurring promoter event,annual,Expo / shopping / health / community,SRC-0118,ok,https://www.sbcfair.com/events/2026/el-dorado-broadcasters---girls-day-out,2026 event Mar 14; prior branding formerly Women's Expo suggests recurring series.,Verified,ready,resolved,
SER-0087,SER-0087,canonical,Desert Valley Hospital Fall Health Fair,Desert Valley Hospital / Desert Valley Medical Group,ENT-0124,1,Mall of Victor Valley,Annual/periodic health fair,annual,Health / community wellness,SRC-0119,ok,https://www.themallofvictorvalley.com/Events/Details/580843,2026 event offers flu shots and community-health outreach.,Verified,ready,resolved,
SER-0088,SER-0088,canonical,SBC Fair Jolly Holiday Craft Fair,San Bernardino County Fair & Event Center,ENT-0125,1,"SBC Fairgrounds, Victorville",Annual / December,annual,Craft fair / holiday / family,SRC-0120,ok,https://www.sbcfair.com/,"2026 Fairgrounds calendar lists Dec. 12, 10 AM-3 PM; Fair management operates vendor process.",Verified,ready,resolved,
SER-0089,SER-0089,canonical,SBC Fair Made with Love Craft Fair,San Bernardino County Fair & Event Center,ENT-0125,1,"SBC Fairgrounds, Victorville",Annual / early spring,annual,Craft fair / family / Easter,SRC-0120,ok,https://www.sbcfair.com/events/2026/made-with-love-craft-fair,"Fair-produced free family craft event with vendors, egg hunt and children's activities.",Verified,ready,resolved,
SER-0090,SER-0090,canonical,Hesperia Wranglers Monthly Shows,Hesperia Wranglers,ENT-0126,1,Val Shearer Equestrian Center / Hesperia Lake,"2nd Saturday, March-November",monthly,Equestrian / horse show,SRC-0121,ok,https://hesperiawranglers.org/,First-party recurring schedule; Hesperia Parks independently corroborates.,Verified,ready,resolved,
SER-0091,SER-0091,canonical,Hesperia Wranglers Monthly Meeting,Hesperia Wranglers,ENT-0126,1,Hesperia,3rd Wednesday / monthly,monthly,Club/community meeting,SRC-0121,ok,https://hesperiawranglers.org/,First-party recurring schedule.,Verified,ready,resolved,
SER-0092,SER-0092,canonical,High Desert Rodeo,Hesperia Wranglers / Double F Cattle Co.,ENT-0126,2,"SBC Fairgrounds, Victorville",Annual / September,annual,Rodeo / concert / western culture,SRC-0121,ok,https://hesperiawranglers.org/rodeo-queens,2026 event Sept. 19-20; local reporting confirms Double F organizer role and Hesperia Wranglers partnership.,Verified,ready,resolved,
SER-0093,SER-0093,canonical,El Dorado Broadcasters Trunk or Treat,El Dorado Broadcasters,ENT-0127,1,"SBC Fairgrounds, Victorville",Annual / Oct. 31,annual,Family / Halloween / community,SRC-0122,ok,https://edbroadcasters.com/lax/,2026 event published across El Dorado station sites; vendor/sponsor participation invited.,Verified,ready,resolved,
SER-0094,SER-0094,canonical,El Dorado Broadcasters Women's/Girls Day Out,El Dorado Broadcasters,ENT-0127,1,SBC Fairgrounds / High Desert,Annual/recurring,annual,Expo / shopping / health / community,SRC-0122,ok,https://www.edbroadcasters.com/events,Corporate events page identifies Women's Expo as a proprietary recurring event family; 2026 Fairgrounds event branded Girls Day Out.,Verified,ready,resolved,
SER-0095,SER-0095,canonical,Kiwanis Dream Big 5K,Kiwanis Club of Victorville,ENT-0128,1,Victor Valley College,Annual / August,annual,5K / fundraiser / youth,SRC-0123,ok,https://www.kiwanisofvictorville.com/dreambig,2026 was third annual; RunSignup provides detailed race record.,Verified,ready,resolved,
SER-0096,SER-0096,canonical,Kiwanis Children's Christmas Parade,Kiwanis Club of Victorville,ENT-0128,1,Route 66 / Victorville,Annual / holiday season,annual,Parade / family / community,SRC-0123,ok,https://www.kiwanisofvictorville.com/,First-party club site describes it as an annual holiday project.,Verified,ready,resolved,
SER-0097,SER-0097,canonical,Providence St. Mary Foundation Celebration,Providence St. Mary Medical Center Foundation,ENT-0129,1,Victor Valley College Stadium & Educational Event Center,Annual/major periodic fundraiser,annual,Healthcare fundraiser / celebration,SRC-0124,ok,https://supportstmaryfoundation.org/blog/providence-st-marys-2027-celebration/,"2027 celebration is already scheduled for Apr. 24, 2027 with registration/Add to Calendar.",Verified,ready,resolved,
SER-0098,SER-0098,canonical,Desert Valley Heart Strong,Desert Valley Hospital & Medical Group,ENT-0124,1,Mall of Victor Valley,Annual/Heart Health Month,annual,Health screenings / community wellness,SRC-0125,ok,https://www.linkedin.com/posts/desert-valley-hospital_desertvalleyheartstrong-heartstrong2026-activity-7417211518498258944-dlCf,2026 event offered free screenings and community resources; repeated historical evidence suggests recurring heart-health outreach.,Verified,ready,resolved,
SER-0100,SER-0100,canonical,DBH QPR Trainings — High Desert,San Bernardino County Department of Behavioral Health,ENT-0132,1,Apple Valley / countywide,Periodic recurring trainings,irregular_recurring,Behavioral health / suicide prevention training,SRC-0128,ok,https://wp.sbcounty.gov/dbh/event/qpr-training/,"Apple Valley hosted Sep. 3, 2026 session; DBH event system publishes multiple in-person and virtual dates.",Verified,ready,resolved,
SER-0101,SER-0101,canonical,Behavioral Health Commission — First District Access,San Bernardino County Department of Behavioral Health,ENT-0132,1,Apple Valley Clinic satellite,Monthly / first Thursday,monthly,Behavioral health / public meeting,SRC-0128,ok,https://wp.sbcounty.gov/dbh/event/behavioral-health-commission-meeting-2/2026-12-03/,Apple Valley Clinic is an ongoing satellite location for public attendance.,Verified,ready,resolved,
SER-0102,SER-0102,canonical,DBH High Desert safeTALK Trainings,San Bernardino County Department of Behavioral Health,ENT-0132,1,Hesperia / High Desert,Periodic,irregular_recurring,Behavioral health / suicide prevention training,SRC-0128,ok,https://wp.sbcounty.gov/dbh/events/,2026 Hesperia sessions confirm recurring High Desert training activity.,Verified,ready,resolved,
SER-0103,SER-0103,canonical,School-Located Vaccine Events — High Desert,San Bernardino County Department of Public Health,ENT-0134,1,Adelanto / Barstow / other schools,Seasonal / recurring clinic program,seasonal,Vaccination / public health,SRC-0129,ok,https://dph.sbcounty.gov/events/,2026 DPH calendar contains multiple Adelanto and Barstow school-located clinics.,Verified,ready,resolved,
SER-0104,SER-0104,canonical,Apple Valley Airshow,San Bernardino County Airports / Apple Valley Airport,ENT-0135,2,Apple Valley Airport,Annual,annual,Airshow / aviation / STEM / car show,SRC-0130,ok,https://airports.sbcounty.gov/events/,"23rd annual event scheduled Oct. 10, 2026; county roundup documents aerial performers, STEM expo and NAPA car show.",Verified,ready,resolved,
SER-0105,SER-0105,canonical,Land Use Services High Desert Community Cleanups,San Bernardino County Land Use Services,ENT-0137,1,Oak Hills / Phelan / unincorporated communities,Periodic,irregular_recurring,Community cleanup / civic service,SRC-0131,ok,https://main.sbcounty.gov/2026/06/18/things-to-do-in-san-bernardino-county-128/,Program operates recurring cleanup events in unincorporated areas.,Verified,ready,resolved,
SER-0106,SER-0106,canonical,"County Library Read, Write & Cruise Car Show",San Bernardino County Library,ENT-0250,1,Hesperia Branch Library,Annual/new series candidate,annual,Library / car show / Route 66 / family,SRC-0127,ok,https://main.sbcounty.gov/2026/07/16/library-shifts-into-high-gear-with-inaugural-read-write-cruise-car-show-celebration/,"Inaugural Aug. 8, 2026 event; track to determine whether it becomes annual.",Verified,ready,resolved,
SER-0107,SER-0107,canonical,San Bernardino County Library Traveling Family Events — High Desert,San Bernardino County Library,ENT-0250,1,Apple Valley / Adelanto / Hesperia / Barstow branches,Seasonal recurring campaign,seasonal,Library / family / reading,SRC-0127,ok,https://main.sbcounty.gov/2026/05/07/things-to-do-in-san-bernardino-county-122/,Countywide campaigns rotate through High Desert branches; examples include May branch events and September reading promotions.,Verified,ready,resolved,
SER-0108,SER-0108,canonical,National Night Out — High Desert,Local law enforcement / SBC Sheriff partners,ENT-0254,1,Apple Valley / Hesperia / Barstow,Annual / August,annual,Public safety / family / community,SRC-0132,ok,https://bosd1.sbcounty.gov/2026/07/28/connect-with-our-high-desert-law-enforcement-at-national-night-out/,First District roundup confirms simultaneous High Desert public-safety events; canonical local agency sources should be preferred per city.,Verified,ready,resolved,
SER-0109,SER-0109,canonical,Animal Care High Desert Mobile/TNVR Events,San Bernardino County Animal Care,ENT-0139,1,Lucerne Valley / Victorville / Apple Valley / other eligible areas,Periodic,irregular_recurring,Animal services / veterinary outreach,SRC-0135,ok,https://animalcare.sbcounty.gov/events/,"2026 examples include Lucerne Valley, Mojave Narrows and Victor Valley Museum; eligibility varies by service area.",Verified,ready,resolved,
SER-0110,SER-0110,canonical,County HR High Desert Hiring Events,San Bernardino County Human Resources,ENT-0140,1,Victorville / Barstow / rotating,Periodic,irregular_recurring,Career / hiring,SRC-0136,ok,https://hr.sbcounty.gov/events/,City filter includes Victorville and Barstow; keep employee-only events excluded from public discovery.,Verified,ready,resolved,
SER-0111,SER-0111,canonical,Sheriff Recruiting / Hiring Events — High Desert,San Bernardino County Sheriff's Department,ENT-0254,1,Victorville / High Desert,Periodic,irregular_recurring,Career / public safety recruiting,SRC-0137,ok,https://sheriffsjobs.sbcounty.gov/events/,"Victorville hiring event confirmed July 23, 2026.",Verified,ready,resolved,
SER-0112,SER-0112,canonical,Child Support Community Outreach — High Desert,San Bernardino County Child Support Services,ENT-0142,1,Victorville / rotating,Periodic,irregular_recurring,Family services / resource fair,SRC-0138,ok,https://childsupport.sbcounty.gov/events/,"Calendar categories include Support Saturdays, resource fairs and neighborhood events; Victorville venue is represented.",Verified,ready,resolved,
SER-0113,SER-0113,canonical,CFS Back-to-School Resource Events — High Desert,San Bernardino County Children and Family Services,ENT-0143,1,Victorville / rotating,Seasonal,seasonal,Family / back-to-school / resource fair,SRC-0139,ok,https://cfs.sbcounty.gov/,2026 Victor Valley High School backpack giveaway/resource fair provides current High Desert example.,Verified,ready,resolved,
SER-0114,SER-0114,canonical,National Crime Victims' Rights Week — High Desert Memorial,San Bernardino County District Attorney,ENT-0144,1,Victor Valley College Performing Arts Center,Annual / April,annual,Victim support / memorial / community resources,SRC-0140,ok,https://da.sbcounty.gov/,2026 High Desert memorial held Apr. 22 at VVC PAC.,Verified,ready,resolved,
SER-0115,SER-0115,canonical,Economic Development Entrepreneur Training — Apple Valley,San Bernardino County Economic Development Agency,ENT-0145,1,Apple Valley / online-hybrid,Multi-week series,irregular_recurring,Entrepreneurship / business training,SRC-0141,ok,https://main.sbcounty.gov/events/,Countywide calendar lists 2026 IYT and Programa Emprendedor@s Apple Valley series.,Verified,ready,resolved,
SER-0116,SER-0116,canonical,SBC Fire High Desert HHW / Oil Filter Events,San Bernardino County Fire Protection District,ENT-0146,1,Hesperia / Wrightwood / Needles / rotating,Periodic,irregular_recurring,Environmental safety / recycling,SRC-0142,ok,https://sbcfire.org/events/,2026 examples confirm repeating county program across High Desert communities.,Verified,ready,resolved,
SER-0117,SER-0117,canonical,TAD High Desert Outreach Events,San Bernardino County Transitional Assistance Department,ENT-0147,1,Victorville / Apple Valley / Barstow / rotating,Periodic,irregular_recurring,Benefits outreach / community resources,SRC-0143,ok,https://wp.sbcounty.gov/tad/events/,"TAD attends partner events with CalFresh, Medi-Cal and CalWORKs assistance.",Verified,ready,resolved,
SER-0118,SER-0118,canonical,First 5 Kid Safe Summer / Family Engagement Events,First 5 San Bernardino,ENT-0148,1,Countywide / High Desert as scheduled,Seasonal / campaign-based,seasonal,Early childhood / family safety,SRC-0144,ok,https://first5sanbernardino.org/,2026 campaign includes water-safety events and family resources; High Desert appearances should be filtered as announced.,Verified,ready,resolved,
SER-0119,SER-0119,canonical,Veterans Benefits Assistance — Barstow,San Bernardino County Veterans Affairs + DAAS-PG,ENT-0149,2,DAAS-PG Barstow,3rd Thursday / monthly,monthly,Veterans benefits assistance,SRC-0145,ok,https://bosd3.sbcounty.gov/event/veterans-benefits-assistance-barstow/2026-11-19/,"Beginning Oct. 2026 appointments are required; formerly first-come, first-served.",Verified,ready,resolved,
SER-0120,SER-0120,canonical,Veterans Benefits Assistance — Joshua Tree,San Bernardino County Veterans Affairs,ENT-0149,1,Joshua Tree Government Center,2nd Wednesday / monthly,monthly,Veterans benefits assistance,SRC-0145,ok,https://va.sbcounty.gov/,County Veterans Affairs maintains monthly Morongo Basin outreach.,Verified,ready,resolved,
SER-0121,SER-0121,canonical,Third District Barstow On-The-Go Health Clinic,San Bernardino County / On-The-Go Health,ENT-0229,2,Barstow Branch Library,Tuesdays / weekly,weekly,Health / mobile clinic,SRC-0147,ok,https://bosd3.sbcounty.gov/calendar/month/2026-07/,Third District calendar documents free primary/urgent care every Tuesday in Barstow.,Verified,ready,resolved,
SER-0122,SER-0122,canonical,Third District Barstow Hiring Events,Third District Supervisor + workforce/community partners,ENT-0151,2,Barstow,Periodic,irregular_recurring,Career / hiring / veterans resources,SRC-0147,ok,https://bosd3.sbcounty.gov/get-ready-for-the-barstow-hiring-event/,"Oct. 15, 2026 event at Harvey House; district also promotes other Barstow job fairs.",Verified,ready,resolved,
SER-0123,SER-0123,canonical,OHS Care Act & Collaborative Resource Fair — Victorville,San Bernardino County Office of Homeless Services,ENT-0152,1,Victorville,Periodic,irregular_recurring,Homeless services / resource fair,SRC-0148,ok,https://wp.sbcounty.gov/tad/events/list/page/3/?tribe-bar-date=2026-01-22,"Oct. 9, 2026 event primarily serves people experiencing homelessness in Victorville.",Verified,ready,resolved,
SER-0124,SER-0124,canonical,Children's Network High Desert Fatherhood Breakfast,San Bernardino County Children's Network / CFS partners,ENT-0153,2,"High Desert Church, Victorville",Annual / June,annual,Fatherhood / family / community resources,SRC-0149,ok,https://cn.sbcounty.gov/events/,2025 High Desert edition at High Desert Church demonstrates recurring High Desert reach; monitor future annual dates.,Verified,ready,resolved,
SER-0125,SER-0125,canonical,High Desert Regional Steering Committee,San Bernardino County Homeless Partnership,ENT-0154,1,Victorville / Adelanto / rotating High Desert venues,Monthly-ish / recurring,monthly,Homeless services / public planning meeting,SRC-0150,ok,https://sbchp.sbcounty.gov/events/,"2026 meetings occurred repeatedly, including Feb 10 Victorville, Aug 12 Victorville and Sep 8 Adelanto.",Verified,ready,resolved,
SER-0126,SER-0126,canonical,Public Works SWAT / Solid Waste Advisory Meetings,San Bernardino County Public Works — Solid Waste Management,ENT-0155,1,San Bernardino / rotating,Semiannual / periodic,annual,Environmental/public meeting,SRC-0151,ok,https://dpw.sbcounty.gov/solid-waste-management/swat-meetings/,"Public advisory meetings are structured and recurring, though mostly outside the High Desert.",Verified,ready,resolved,
SER-0127,SER-0127,canonical,I Am Love Adelanto Free Food Distribution,I Am Love,ENT-0159,1,"I Am Love Resource Center, Adelanto",Wednesdays / weekly,weekly,Food distribution / community service,SRC-0155,ok,https://iamloves.org/events/,Drive-through and walk-up distribution; advance registration encouraged.,Verified,ready,resolved,
SER-0128,SER-0128,canonical,I Am Love Adelanto Volunteer Food Bank,I Am Love,ENT-0159,1,"I Am Love Resource Center, Adelanto",Wednesdays / weekly,weekly,Volunteer / food bank,SRC-0155,ok,https://iamloves.org/events/,Recurring volunteer shift tied to weekly food-bank operations.,Verified,ready,resolved,
SER-0129,SER-0129,canonical,AESD District Advisory Council (DAC),Adelanto Elementary School District,ENT-0157,1,"AESD District Office, Adelanto",Monthly/periodic during school year,monthly,Education / family advisory,SRC-0153,ok,https://www.aesd.net/about-us/district-calendars,Public-facing district advisory meetings appear on master calendar.,Verified,ready,resolved,
SER-0130,SER-0130,canonical,AESD DELAC Meetings,Adelanto Elementary School District,ENT-0157,1,"AESD District Office, Adelanto",Periodic during school year,irregular_recurring,Education / English learner family advisory,SRC-0153,ok,https://www.aesd.net/view-all-events,District English Learner Advisory Council meetings are calendared publicly.,Verified,ready,resolved,
SER-0131,SER-0131,canonical,Adelanto Little League Season,Adelanto Little League,ENT-0162,1,Adelanto fields including Richardson Park / John Mgrdichian Park,Spring / seasonal,seasonal,Youth baseball / softball,SRC-0157,ok,https://tshq.bluesombrero.com/adelantoll,2026 spring registration is active; SportsConnect provides league/field structure.,Verified,ready,resolved,
SER-0132,SER-0132,canonical,Adelanto Senior Center Weekday Program,City of Adelanto / Molding Hearts Foundation,ENT-0156,2,Adelanto Senior Center,Monday-Friday,daily,Senior / meals / wellness / social,SRC-0158,ok,https://cms3.revize.com/revize/adelanto/Images/Services/Senior%20Center/4.10.25%20Press%20Release%20-%20Adelanto%20Senior%20Center%20Reopening.pdf,"Daily meals plus themed music, trivia, wellness and resource activities; 55+ registration required.",Verified,ready,resolved,
SER-0133,SER-0133,canonical,Adelanto Bilingual SDA Weekly Services,Adelanto Bilingual Seventh-day Adventist Church,ENT-0161,1,Adelanto,Saturday + Wednesday/Friday,weekly,Faith / fellowship,SRC-0156,ok,https://adelantobilingualsdachurch.com/,"Sabbath School, Divine Worship and recurring prayer meetings.",Verified,ready,resolved,
SER-0134,SER-0134,canonical,Westcoast Lowrider Super Show,BMB Entertainment / Busco Mi Banda,ENT-0165,1,Adelanto Plaza & Event Center / Adelanto Stadium,Annual/recurring-brand candidate,annual,Car culture / live music / vendors,SRC-0159,ok,https://www.bmbevents.com/events/westcoast-lowrider-super-show,"2026 event combines lowrider show, hop contest, concert, vendors and food.",Verified,ready,resolved,
SER-0135,SER-0135,canonical,Kushstock Festival,Kushstock Festival,ENT-0168,1,Adelanto Plaza & Event Center,Recurring festival,irregular_recurring,Music / culture / art / vendors,SRC-0162,ok,https://kushstock.batchsys.com/,Venue describes festival as established in 2016; 21+ eligibility applies.,Verified,ready,resolved,
SER-0136,SER-0136,canonical,Trokalandia California,OC TRUCK EVENTS,ENT-0167,1,Adelanto Plaza & Event Center / Adelanto Stadium,Annual/recurring-brand candidate,annual,Truck/car show / live music,SRC-0161,ok,https://www.eventbrite.com/e/trokalandia-2026-tickets-1994641477353,"2026 all-ages truck/car event with trophies, raffles and live music.",Verified,ready,resolved,
SER-0137,SER-0137,canonical,Rutiando con Los Farmerz,SKYS PRESENTS / Adelanto Plaza,ENT-0166,2,Adelanto Plaza & Event Center,Touring/periodic,irregular_recurring,Live music / off-road / automotive culture,SRC-0160,ok,https://ticketon.com/en/events/rutiando-con-los-farmerz-adelanto-ca-2026-11-14-rwvfmcc8mwe7,Route/off-road experience followed by concert; all ages.,Verified,ready,resolved,
SER-0138,SER-0138,canonical,Adelanto Back-to-School Backpack Giveaway,Assembly District 39,ENT-0266,1,Adelanto Senior Center,Annual candidate / July,annual,Family / school supplies / resource fair,SRC-0163,ok,https://carrillo.asmdc.org/event/20260711-adelanto-back-school-backpack-giveaway,2026 event distributed backpacks and hosted community resource tables; monitor for recurrence.,Verified,ready,resolved,
SER-0139,SER-0139,canonical,Adelanto Heat Football & Cheer Season,Adelanto Heat Youth Football & Cheer,ENT-0171,1,Adelanto / High Desert fields,Seasonal,seasonal,Youth football / girls flag / cheer,SRC-0165,ok,https://adelantoheat.com/,"Current organization site includes active teams, schedule and registration infrastructure.",Verified,ready,resolved,
SER-0140,SER-0140,canonical,Praise Chapel Adelanto Sunday Service,Praise Chapel Adelanto,ENT-0173,1,Praise Chapel Adelanto,Sundays / weekly,weekly,Faith / worship,SRC-0167,ok,https://praisechapeladelanto.com/events,2026 event calendar publishes Sunday service recurrence.,Verified,ready,resolved,
SER-0141,SER-0141,canonical,Praise Chapel Adelanto Bible Study,Praise Chapel Adelanto,ENT-0173,1,Praise Chapel Adelanto,Wednesdays / weekly,weekly,Faith / Bible study,SRC-0167,ok,https://praisechapeladelanto.com/events,2026 event calendar publishes Wednesday evening Bible Study.,Verified,ready,resolved,
SER-0142,SER-0142,canonical,Christ the Good Shepherd Adelanto Masses,Christ the Good Shepherd Catholic Church,ENT-0174,1,Adelanto parish,Weekly / daily schedule,daily,Faith / worship,SRC-0168,ok,https://www.cgshepherd-adelanto.org/,Recurring Saturday/Sunday and weekday Mass schedule.,Verified,ready,resolved,
SER-0143,SER-0143,canonical,Detour SoCal Mega Night Market — Adelanto,Detour SoCal,ENT-0175,1,Adelanto Plaza & Event Center / Stadium,Recurring branded event,irregular_recurring,Night market / vendors / food / live entertainment,SRC-0169,ok,https://shop.detoursocal.com/test/,"2026 Summer Fest featured 150+ vendors, food, rides, boxing, car meet and live entertainment.",Verified,ready,resolved,
SER-0144,SER-0144,canonical,Detour x TG The Block Party,Detour SoCal / TG The Gym,ENT-0175,1,Adelanto Plaza & Event Center / Stadium,Annual / October,annual,Family / Halloween / MMA / vendors / live entertainment,SRC-0169,ok,https://shop.detoursocal.com/shop/tickets-blockparty2026/,2026 event is explicitly the 4th annual Block Party.,Verified,ready,resolved,
SER-0145,SER-0145,canonical,Hope of a Higher Glory Anniversary Celebration,Hope of a Higher Glory Community Church,ENT-0176,1,Adelanto Plaza & Event Center,Annual/periodic,annual,Faith / worship / community celebration,SRC-0170,ok,https://hopeinacommunity.org/hopes-upcoming-events,2026 17th anniversary celebration held at Adelanto Event Center.,Verified,ready,resolved,
SER-0146,SER-0146,canonical,American Legion Post 229 Monthly Meeting,American Legion Leo Collins Post 229,ENT-0177,1,"11382 Lawson Ave, Adelanto",3rd Saturday / monthly,monthly,Veterans / organization meeting,SRC-0171,ok,https://mylegion.org/PersonifyEbusiness/Post-Detail?%40IP_IDENTITY_MCID=00005022900L&%40IP_IDENTITY_SCID=0,Official myLegion record lists monthly meeting schedule.,Verified,ready,resolved,
SER-0147,SER-0147,canonical,American Legion Riders Chapter 229 Meeting,American Legion Riders Chapter 229,ENT-0178,1,"American Legion Post 229, Adelanto",1st Saturday / monthly,monthly,Veterans / motorcycle affinity / organization meeting,SRC-0172,ok,https://alrdoc.org/alr_chapterView.php?chapter_id=104,Official California ALR chapter page lists recurring meeting time/location.,Verified,ready,resolved,
SER-0148,SER-0148,canonical,SCTA El Mirage Land-Speed Racing,Southern California Timing Association,ENT-0179,1,El Mirage Dry Lake / OHV Recreation Area,Multiple meets annually,annual,Land-speed racing / motorsports,SRC-0173,ok,https://scta-bni.org/,Long-running recurring SCTA racing program at El Mirage; ingest exact dates from current SCTA race materials.,Verified,ready,resolved,
SER-0149,SER-0149,canonical,GBodyFest Car Show and Hop — Adelanto,GBodyFest,ENT-0181,1,Adelanto Plaza & Event Center,Recurring brand / 2026 Adelanto edition,irregular_recurring,Car show / lowrider / automotive culture,SRC-0175,ok,https://www.idrivesocal.com/events/gbodyfest-car-show-and-hop,2026 Adelanto event; event listing describes GBodyFest as established in 2017.,Verified,ready,resolved,
SER-0150,SER-0150,canonical,Hard Park Car Show — Adelanto,KMC Wheels,ENT-0182,1,Adelanto Plaza & Event Center,Annual-show candidate,annual,Car show / off-road / street culture,SRC-0175,ok,https://www.idrivesocal.com/events/hard-park-car-show,2026 Adelanto show presented by KMC Wheels; track for recurrence.,Verified,ready,resolved,
SER-0151,SER-0151,canonical,Phelan Judo Club Classes,Phelan Judo Club / PPHCSD,ENT-0183,1,Phelan Community Center,Wednesdays & Fridays / recurring,weekly,Judo / recreation / youth-adult,SRC-0176,ok,https://www.pphcsd.org/events,Free recurring classes with registration.,Verified,ready,resolved,
SER-0152,SER-0152,canonical,Phelan Teen Walk-In Art Studio,PPHCSD,ENT-0183,1,Phelan Community Center,Thursdays / recurring,weekly,Art / teen / drop-in,SRC-0176,ok,https://www.pphcsd.org/events,Free teen drop-in art program.,Verified,ready,resolved,
SER-0153,SER-0153,canonical,Phelan Phamily Phun Days,Phelan Chamber of Commerce,ENT-0186,1,Downtown Phelan / Phelan Road,Annual / October,annual,Festival / parade / car show / vendors,SRC-0178,ok,https://phelanchamber.info/Phelan-Phamily-Phun-Days,Long-running Tri-Community signature event.,Verified,ready,resolved,
SER-0154,SER-0154,canonical,Phelan Certified Farmers Market,Phelan Certified Farmers Market,ENT-0078,1,Phelan Community Center,Mondays / weekly,weekly,Farmers market,SRC-0179,ok,https://awm.sbcounty.gov/certified-farmers-markets-locations/,Certified recurring market with seasonal hours.,Verified,ready,resolved,
SER-0155,SER-0155,canonical,High Desert Baptist Fall Festival,High Desert Baptist Church,ENT-0187,1,"High Desert Baptist Church, Phelan",Annual / October,annual,Faith / family / fall festival,SRC-0180,ok,https://www.hdbcphelan.com/events,"Free public fall festival with games, candy and family activities.",Verified,ready,resolved,
SER-0156,SER-0156,canonical,Wrightwood Spring Fling,Wrightwood Chamber of Commerce,ENT-0188,1,Wrightwood,Annual / May,annual,Festival / food / live music / off-road,SRC-0181,ok,https://www.wrightwoodchamber.org/annual-events/,Signature chamber event.,Verified,ready,resolved,
SER-0157,SER-0157,canonical,Wrightwood Taste of the Village,Wrightwood Chamber of Commerce,ENT-0188,1,Wrightwood,Annual / June,annual,Food / community / local business,SRC-0181,ok,https://www.wrightwoodchamber.org/annual-events/,Signature chamber event.,Verified,ready,resolved,
SER-0158,SER-0158,canonical,Wrightwood Mountaineer Days,Wrightwood Chamber of Commerce,ENT-0188,1,Wrightwood,Annual / July,annual,Festival / parade / heritage / family,SRC-0181,ok,https://www.wrightwoodchamber.org/annual-events/,60th annual event in 2026.,Verified,ready,resolved,
SER-0159,SER-0159,canonical,Wrightwood Mountain Classic Car Show,Wrightwood Chamber of Commerce,ENT-0188,1,Wrightwood,Annual / August,annual,Car show / community,SRC-0181,ok,https://www.wrightwoodchamber.org/annual-events/,Signature annual car show.,Verified,ready,resolved,
SER-0160,SER-0160,canonical,Wrightwood Chili Cook-Off & Salsa Contest,Wrightwood Chamber of Commerce,ENT-0188,1,Wrightwood,Annual / October,annual,Food / contest / community,SRC-0181,ok,https://www.wrightwoodchamber.org/chili-cookoff-salsa-contest/,2026 event Oct. 10 with tasting/contest/vendor components.,Verified,ready,resolved,
SER-0161,SER-0161,canonical,Wrightwood Mountain Holiday Celebration,Wrightwood Chamber of Commerce,ENT-0188,1,Wrightwood,Annual / Thanksgiving weekend,annual,Holiday / parade / family / vendors,SRC-0181,ok,https://www.wrightwoodchamber.org/31237-2/,Two-day celebration with tree lighting and Parade of Lights.,Verified,ready,resolved,
SER-0162,SER-0162,canonical,Wrightwood Arts Center Fiber Arts Gathering,Wrightwood Arts Center,ENT-0189,1,Wrightwood Arts Center,Monthly,monthly,Fiber arts / hobby / social,SRC-0182,ok,https://www.wrightwoodarts.org/events,Free recurring gathering.,Verified,ready,resolved,
SER-0163,SER-0163,canonical,Wrightwood Arts Center Art Nights,Wrightwood Arts Center,ENT-0189,1,Wrightwood Arts Center,Monthly/periodic,monthly,Art workshop / creative,SRC-0182,ok,https://www.wrightwoodarts.org/events,Recurring artist-led classes and workshops.,Verified,ready,resolved,
SER-0164,SER-0164,canonical,Wrightwood Certified Farmers Market,Wrightwood Certified Farmers Market,ENT-0268,1,Wrightwood Community Center,Fridays / weekly,weekly,Farmers market,SRC-0184,ok,https://awm.sbcounty.gov/certified-farmers-markets-locations/,Year-round market with seasonal hours.,Verified,ready,resolved,
SER-0165,SER-0165,canonical,Wrightwood Senior Luncheon,Wrightwood Community Services District,ENT-0190,1,Wrightwood Community Center,2nd Wednesday / monthly,monthly,Senior / lunch / social,SRC-0183,ok,https://bosd1.sbcounty.gov/organizer/wrightwood-community-services-district/,Monthly CSD senior lunch.,Verified,ready,resolved,
SER-0166,SER-0166,canonical,Hillside Silver Saints Senior Ministry Potluck,Hillside Community Church,ENT-0192,1,"Hillside Community Church, Wrightwood",1st Monday / monthly,monthly,Senior / faith / social,SRC-0185,ok,https://hillsidecommunitychurch.churchcenter.com/,Recurring senior ministry potluck.,Verified,ready,resolved,
SER-0167,SER-0167,canonical,Lucerne Valley Senior Bingo,Lucerne Valley Senior Citizens,ENT-0195,1,Lucerne Valley Senior Center,1st Wednesday / monthly,monthly,Senior / bingo / social,SRC-0187,ok,https://lucernevalleychamber.org/community-calendar,Monthly bingo documented by chamber calendar and civic-group directory.,Verified,ready,resolved,
SER-0168,SER-0168,canonical,Lucerne Valley Senior Weekday Lunch,Lucerne Valley Senior Citizens,ENT-0195,1,Lucerne Valley Senior Center,Monday-Friday,daily,Senior / meals / community service,SRC-0188,ok,https://lucernevalleychamber.org/clubs-%26-civic-groups,Daily senior lunch program.,Verified,ready,resolved,
SER-0169,SER-0169,canonical,Lucerne Valley Lions Club Meeting,Lucerne Valley Lions Club,ENT-0222,1,Lucerne Valley Lions Club,1st Thursday / monthly,monthly,Civic club / dinner / meeting,SRC-0187,ok,https://lucernevalleychamber.org/community-calendar,Recurring chamber-listed civic-club meeting.,Verified,ready,resolved,
SER-0170,SER-0170,canonical,Lucerne Valley Fourth of July Parade,Lucerne Valley Chamber of Commerce,ENT-0194,1,Pioneer Park / Lucerne Valley,Annual / July 4,annual,Parade / community / civic,SRC-0190,ok,https://specialdistricts.sbcounty.gov/events/,County Special Districts calendar documents Chamber parade awards at Pioneer Park.,Verified,ready,resolved,
SER-0171,SER-0171,canonical,Silver Lakes Golf Competition Calendar,Silver Lakes Association,ENT-0201,1,Silver Lakes golf course / clubhouse,Frequent / seasonal,seasonal,Golf / sports / member social,SRC-0192,ok,https://silverlakesassociation.com/events/,Dense recurring association golf schedule.,Verified,ready,resolved,
SER-0172,SER-0172,canonical,Helendale Concerts in the Park,Helendale Community Services District,ENT-0202,1,Helendale Community Park,Monthly May-October,monthly,Concert / food vendors / car show / community,SRC-0193,ok,https://www.helendalecsd.org/parks-recreation,"2026 series runs May-Oct with rotating bands plus food vendors, Lions beer garden and classic cars.",Verified,ready,resolved,
SER-0173,SER-0173,canonical,Helendale Community Yard Sale,Helendale Community Services District,ENT-0202,1,Helendale,Periodic / seasonal,seasonal,Community sale / reuse,SRC-0193,ok,https://www.helendalecsd.org/parks-recreation,CSD operates registration for community yard sale.,Verified,ready,resolved,
SER-0174,SER-0174,canonical,Helendale Holiday Boutique,Helendale Community Services District,ENT-0202,1,Helendale,Annual / November,annual,Holiday market / vendors,SRC-0193,ok,https://www.helendalecsd.org/parks-recreation,CSD registration page identifies Nov. 7 event.,Verified,ready,resolved,
SER-0175,SER-0175,canonical,Oak Hills MAC Meeting,Oak Hills Municipal Advisory Council,ENT-0205,1,"Fire Station 40, Oak Hills",1st Monday / monthly,monthly,Civic / public meeting,SRC-0195,ok,https://bosd1.sbcounty.gov/oak-hills-municipal-advisory-council/,Official recurring MAC meeting.,Verified,ready,resolved,
SER-0176,SER-0176,canonical,Oak Hills High School Fall Festival / Trunk-or-Treat,Oak Hills High School / Hesperia Unified,ENT-0206,2,Oak Hills High School,Annual / October,annual,School / family / fall festival,SRC-0196,ok,https://www.hesperiausd.org/article/3126604,"2026 HUSD schedule lists OHHS trunk-or-treat, games and food trucks.",Verified,ready,resolved,
SER-0177,SER-0177,canonical,Oak Hills Marching Band Performance Season,Oak Hills High School Instrumental Music Program,ENT-0207,1,Oak Hills High School / regional competitions,Fall season,seasonal,Music / marching band / performance,SRC-0197,ok,https://www.oakhillsmusic.com/marching-band-2026,"2026 performance calendar includes preview, parade and field tournaments.",Verified,ready,resolved,
SER-0178,SER-0178,canonical,Revival Dance Lab Annual Recital,Revival Dance Lab,ENT-0209,1,Pinon Hills / performance venue varies,Annual,annual,Dance / performance / youth,SRC-0199,ok,https://www.revivaldancelab.com/competition,Company and recreational dancers receive annual stage/performance opportunities.,Verified,ready,resolved,
SER-0179,SER-0179,canonical,Phelan/Pinon Hills CERT Basic Training,Phelan/Pinon Hills CERT,ENT-0210,1,Phelan Community Center / rotating,Periodic,irregular_recurring,Emergency preparedness / volunteer training,SRC-0200,ok,https://www.cert-la.com/cert-california/,Recent local CERT Basic Training has been hosted at Phelan Community Center.,Verified,ready,resolved,
SER-0180,SER-0180,canonical,Wrightwood Fire Safe Council Meeting,Wrightwood Fire Safe Council,ENT-0211,1,Wrightwood Community Center,3rd Tuesday / monthly,monthly,Fire safety / civic meeting,SRC-0201,ok,https://bosd1.sbcounty.gov/series/wrightwood-fire-safe-council-meeting/,First District publishes recurring series through at least 2027.,Verified,ready,resolved,
SER-0181,SER-0181,canonical,Wrightwood Green Waste Recycling Events,Wrightwood CSD + Wrightwood Fire Safe Council,ENT-0190,2,Wrightwood,Annual/seasonal,annual,Fire safety / green waste / community service,SRC-0201,ok,https://www.wrightwoodcsd.org/services,WCSD explicitly partners with Fire Safe Council annually.,Verified,ready,resolved,
SER-0182,SER-0182,canonical,Lucerne Valley Museum First Saturday Open Tours,Lucerne Valley Museum & History Association,ENT-0212,1,Lucerne Valley Museum,1st Saturday / recurring,monthly,Museum / history / family,SRC-0202,ok,https://www.lucernevalleymuseum.org/,Museum promotes Kids' Krafts during First Saturdays Open Tours.,Verified,ready,resolved,
SER-0183,SER-0183,canonical,Lucerne Valley Museum Evening Desert Series,Lucerne Valley Museum & History Association,ENT-0212,1,Lucerne Valley / venue varies,Periodic,irregular_recurring,History / educational talk,SRC-0202,ok,https://www.lucernevalleymuseum.org/,Museum identifies Evening Desert Series as recurring educational programming.,Verified,ready,resolved,
SER-0184,SER-0184,canonical,Lucerne Valley Roadrunners Meeting,Lucerne Valley Roadrunners,ENT-0213,1,Lucerne Valley Senior Center,1st Monday / monthly,monthly,Youth nonprofit / community meeting,SRC-0203,ok,https://lucernevalleychamber.org/clubs-%26-civic-groups,New attendees welcome; Roadrunners also produce family events.,Verified,ready,resolved,
SER-0185,SER-0185,canonical,Lucerne Valley Root Diggers Meeting,Lucerne Valley Root Diggers Genealogy Association,ENT-0214,1,Lucerne Valley Moose Lodge,3rd Thursday / monthly,monthly,Genealogy / history / affinity group,SRC-0204,ok,http://www.lucernevalley.net/orgs/roots/,Recurring monthly genealogy meeting.,Verified,ready,resolved,
SER-0186,SER-0186,canonical,Lucerne Valley Moose Lodge Karaoke,Lucerne Valley Moose Lodge 2096,ENT-0215,1,Lucerne Valley Moose Lodge,Wednesdays / weekly,weekly,Karaoke / social / nightlife,SRC-0205,ok,https://lucernevalleychamber.org/clubs-%26-civic-groups,Chamber lists karaoke every Wednesday at 7 PM.,Verified,ready,resolved,
SER-0187,SER-0187,canonical,Lucerne Valley Moose Lodge Community Food Nights,Lucerne Valley Moose Lodge 2096,ENT-0215,1,Lucerne Valley Moose Lodge,Mon & Wed / weekly,weekly,Food / social,SRC-0205,ok,https://lucernevalleychamber.org/clubs-%26-civic-groups,"Burgers Monday; tacos Wednesday, with member/guest access caveat.",Verified,ready,resolved,
SER-0188,SER-0188,canonical,LVEDA Community Meeting,Lucerne Valley Economic Development Association,ENT-0216,1,Lucerne Valley Moose Lodge,4th/last Monday / monthly,monthly,Civic / economic development / community forum,SRC-0206,ok,https://www.lveda.org/,Open monthly community forum with broad agency and community participation.,Verified,ready,resolved,
SER-0189,SER-0189,canonical,Desert Crossroads Garden Club Meeting,Desert Crossroads Garden Club,ENT-0217,1,"Humanity, Lucerne Valley",2nd Thursday / monthly; dark Jul-Aug,monthly,Gardening / workshop / affinity group,SRC-0207,ok,https://www.roadrunnergardenclubs.com/desert-crossroads-garden-club.html,Monthly meeting with workshops/guest speakers; visitors welcome.,Verified,ready,resolved,
SER-0190,SER-0190,canonical,Lucerne Valley American Legion Breakfast,American Legion participants / Lucerne Valley Moose Lodge,ENT-0215,1,Lucerne Valley Moose Lodge,Sundays / weekly,weekly,Veterans / breakfast / social,SRC-0205,ok,https://lucernevalleychamber.org/clubs-%26-civic-groups,"Chamber confirms Sunday American Legion Breakfast 9-11 AM; specific sponsoring Post not confidently identified, so organizer remains unresolved.",Verified,ready,resolved,
SER-0191,SER-0191,canonical,Wild Wind Ranch Riding & Family Programs,Wild Wind Ranch Oak Hills,ENT-0218,1,"Wild Wind Ranch, Oak Hills",Recurring / by booking,irregular_recurring,Equestrian / family / education,SRC-0208,ok,https://www.wildwindranchoakhills.com/,"Private/group riding lessons, homeschool co-op and pony-party programming; dated public events should be captured separately when announced.",Verified,ready,resolved,
SER-0192,SER-0192,canonical,Mojave Archers JOAD,Mojave Archers,ENT-0219,1,"Mojave Archers Range, Phelan",One Saturday / monthly,monthly,Youth archery / skill development,SRC-0209,ok,https://www.mojavearchers.com/joad.html,Junior Olympic Archery Development program for youth ages 4-20.,Verified,ready,resolved,
SER-0193,SER-0193,canonical,Mojave Archers Public Shoots,Mojave Archers,ENT-0219,1,"Mojave Archers Range, Phelan",Multiple shoots annually,annual,Archery competition / public outdoor recreation,SRC-0209,ok,https://www.mojavearchers.com/,Club states major shoots are open to the public; current dates should be taken from club announcements.,Verified,ready,resolved,
SER-0194,SER-0194,canonical,Phelan CSD Painting Classes,Phelan Piñon Hills CSD + Shine Bright Paint,ENT-0183,2,Phelan Community Center,Seasonal / recurring sessions,seasonal,Painting / arts / family,SRC-0210,ok,https://www.pphcsd.org/events,2026 CSD repeatedly schedules Shine Bright Paint classes for youth and adults.,Verified,ready,resolved,
SER-0195,SER-0195,canonical,Phelan Kids Maker Series / Creative Lab,Phelan Piñon Hills CSD + Drawing Together,ENT-0183,2,Phelan Community Center,Seasonal / multi-session,seasonal,Arts / maker / youth,SRC-0211,ok,https://www.pphcsd.org/sign-up-for-classes,2026 summer Creative Lab is hosted by Drawing Together for ages 7-14.,Verified,ready,resolved,
SER-0196,SER-0196,canonical,Lucerne Valley Lions Club Dinner Meeting,Lucerne Valley Lions Club,ENT-0222,1,Lucerne Valley Lions Club grounds,1st Thursday / monthly,monthly,Civic club / dinner / service,SRC-0212,ok,https://lvlionsclub.com/,First-party club site confirms monthly dinner meeting.,Verified,ready,resolved,
SER-0197,SER-0197,canonical,Can You Dig It Ranch Equine Programs,Can You Dig It Ranch,ENT-0223,1,"Can You Dig It Ranch, Lucerne Valley",Recurring / by program,irregular_recurring,Equine-assisted learning / wellness / education,SRC-0213,ok,https://canyoudigitranch.org/,Ongoing EAL/EAP and team-building services; add dated public events separately when published.,Verified,ready,resolved,
